BaseID,SecID,UserID,RSSI,IfStation,IfRSSI,ThermalNoise,SINR,RestOfInterference,Distance,
0,0,384,0,-97.00001080623197,20.23358558689081,-31.580245832058544,60.89847840045573
146,1,385,0,-97.00000007300719,8.326498674501451,-4.532566342735029,239.59533125732142
129,1,386,0,-97.00000016325336,12.888035606171513,-21.30870615923819,274.38679012599107
256,2,387,0,-97.0000000429619,11.773333805827448,-9.644583416588668,91.81027701063631
0,0,388,0,-97.00019264080129,44.04487513811386,-42.86858298763257,61.975348185901325
128,1,389,0,-97.00000414731052,17.272172450909295,-29.593505218747467,83.76238024195473
128,1,390,0,-97.00001090042583,36.140124317443295,-35.84284024603426,101.26431315447815
256,2,391,0,-97.00000391044988,30.281357821794202,-30.035471628791313,80.00930100070258
0,0,392,0,-97.00000016677998,9.654542381719935,-11.450066265983274,69.06337124500534
256,2,393,0,-97.00000059187362,16.944952490497087,-23.897615814999874,100.06204356983484
129,1,394,0,-97.0001041472007,28.98168195437131,-31.103150186613853,157.402329736289
129,1,395,0,-97.00000189728715,12.46494467842092,-22.835595834918962,146.50874946261007
135,1,396,0,-97.00002415983643,14.56846122734769,-18.245803909602802,395.39425439404374
128,1,397,0,-97.0000019325151,28.228868238674835,-32.42521592422354,105.80075832792761
128,1,398,0,-97.0002761839877,21.404549394818574,-33.09555066093333,86.98991200621695
256,2,399,0,-97.00001191745515,22.816996790264326,-27.629589835522665,89.51418179208218
256,2,400,0,-97.00000971622879,19.94622854178762,-27.628035706788204,34.75766535693007
15,0,401,0,-97.00000002596884,8.229325396239204,-13.152301847711872,308.48203236842846
256,2,402,0,-97.0007083520375,39.04082729275899,-43.383962708477895,61.08345359555393
0,0,403,0,-97.00000023210356,14.498284830217841,-16.419426061226147,46.44009980655124
0,0,404,0,-97.00000026583892,26.172839398791155,-27.936183935631608,82.35623868901824
259,2,405,0,-97.0000000452342,1.7375921400693528,-11.31634384839569,232.72624334717295
256,2,406,0,-97.00000014802764,5.09955517570674,-22.36055608875754,49.627014387934025
256,2,407,0,-97.00002272909877,35.18939791620376,-41.453781797411835,47.38348836734014
129,1,408,0,-97.00002800162099,7.191092061695677,-23.004492788993364,200.36885463519397
6,0,409,0,-97.00001050608462,9.326822095063875,-15.15534082872997,169.12358568822233
0,0,410,0,-97.00001474356038,20.844483896830454,-38.43670272849187,60.78674487216825
259,2,411,0,-97.00000046981502,22.6807530712382,-22.511068813709826,113.25911582455632
135,1,412,0,-97.0000167620699,10.844485818112005,-22.707704956538507,313.00858972753025
256,2,413,0,-97.00000724189161,39.04188257677327,-34.52828197416354,64.31611911668209
257,2,414,0,-97.00005597818635,12.769027463848232,-30.543585724664695,94.19706350134346
1,0,415,0,-97.00000230434509,13.039384966694826,-10.552460473988557,58.63101095054833
257,2,416,0,-97.00000206878852,13.621304330044666,-18.152674501148475,36.346214223797276
129,1,417,0,-97.00005621638299,40.24047803217641,-40.89173072948963,62.61595432517649
129,1,418,0,-97.00000278725706,27.678880323787723,-30.75091506482235,95.59391073911242
6,0,419,0,-97.0000001439894,4.70178963040226,-14.68308791274234,129.81186560745428
129,1,420,0,-97.0026889187698,25.56015476983218,-42.88586278082078,48.077856608825584
6,0,421,0,-97.0000056680091,5.641868217300988,-28.81716166664639,116.11303489413754
257,2,422,0,-97.00002174152948,23.57889245178778,-25.295985886731167,57.596544743649474
1,0,423,0,-97.00000047875625,16.705274233566215,-17.259473944303636,81.83983842548015
129,1,424,0,-97.00000037860512,20.177946202703936,-21.878232406373535,90.0577645686509
1,0,425,0,-97.00001224016802,28.15579668139702,-31.0428808636714,72.04499796169057
6,0,426,0,-97.00000389921253,22.550416031025506,-32.43252362031954,125.97153541756116
1,0,427,0,-97.00000140432476,14.53361435896776,-29.52185523475834,53.92519339599732
1,0,428,0,-97.0000094955458,30.010802741126057,-36.14450228307824,66.96209280058963
129,1,429,0,-97.00000540476944,38.70725937304178,-42.74647257605804,28.84141456734139
1,0,430,0,-97.0000543233144,29.66707046066611,-49.104243929148204,49.71314046197918
129,1,431,0,-97.00003147613455,44.01933185683596,-40.74962481988278,54.18115226467262
258,2,432,0,-97.00000020066003,14.777419651095968,-16.379634963741285,115.28270582662891
1,0,433,0,-97.00000048053943,14.220120538172957,-24.230777525706557,88.48585692107832
129,1,434,0,-97.0028958814798,24.269695644424857,-40.07295669408896,78.65918674699587
1,0,435,0,-97.00000016304055,18.17319708477524,-24.612809028959944,88.30308095005759
1,0,436,0,-97.00000158635983,32.60659580454556,-36.145226742830765,67.31705776999739
129,1,437,0,-97.00000134899042,32.23453193282066,-34.45136655235746,26.36037804510558
257,2,438,0,-97.0000067451991,26.3712739794084,-43.803121890780275,23.756773571945576
258,2,439,0,-97.00000014449883,23.396977599160095,-21.763751399940055,128.0925394519782
257,2,440,0,-97.00000437159578,9.565984056170961,-20.019416534411864,72.2850625175368
129,1,441,0,-97.00000159926708,37.15373059635684,-38.95910067337915,82.71585874784847
257,2,442,0,-97.00000124960867,19.573461729458018,-33.568028440583625,63.458996090024215
129,1,443,0,-97.00002466924991,10.991499833011012,-33.781194169195736,35.34477102759284
2,0,444,0,-97.00000016325836,6.894765992766949,-4.6829094810840415,61.120073695875405
0,0,445,0,-97.00046311895244,21.56059457211468,-36.21168399896881,128.91399805405348
2,0,446,0,-97.00009605656003,21.75578735446016,-35.44981662999509,95.48753144421357
2,0,447,0,-97.00000005658713,13.845441720776464,-14.94328936551862,92.65696178294348
266,2,448,0,-97.00000003387612,5.564274503418417,-10.108281168673754,120.75542765739482
258,2,449,0,-97.00002290744747,20.475663379223036,-17.89006882753959,96.39180065406073
130,1,450,0,-97.00000421070794,26.006796330806182,-24.544875388115987,86.54705948470301
258,2,451,0,-97.00000267466415,24.444282834193885,-27.04613305301518,52.88099077835082
130,1,452,0,-97.00000072228319,6.783298749480963,-29.17429141716232,104.05411693248848
0,0,453,0,-97.00000241323477,33.33525683521914,-34.15133394725036,132.6610541221777
258,2,454,0,-97.00069813679293,31.559318722325443,-36.27285567682549,47.24090683202783
266,2,455,0,-97.00034411928065,28.822603273091758,-36.953967899719096,184.50269063506977
136,1,456,0,-97.00000021274869,3.6038950997225214,-20.573894154040996,175.70874249661577
2,0,457,0,-97.00000301584507,0.6953802540247764,-21.995231270877053,66.36353003523249
258,2,458,0,-97.00000017186088,6.055174742734636,-15.081406068620547,80.47473844449681
2,0,459,0,-97.00001528820017,34.27981759530233,-44.532402509126086,32.14294755362139
136,1,460,0,-97.00000017437266,8.839705951983035,-8.653886122768316,108.05680191108016
130,1,461,0,-97.00000020805605,3.5849674606132282,-12.948082489325486,94.57970571057264
1,0,462,0,-97.00001373703212,31.079996505750252,-34.17665508797037,105.4595418207125
258,2,463,0,-97.00000297251599,38.384336087411924,-39.11897640779999,50.753082895791785
2,0,464,0,-97.0000054662275,32.59311795725927,-43.64613842514384,56.89964926051703
130,1,465,0,-97.00000129674675,32.127702470563165,-24.814521080760997,99.90829479010425
130,1,466,0,-97.00004606049853,11.88204809850916,-28.176144733016137,30.45268157637167
258,2,467,0,-97.00031476771959,51.972757315563385,-48.863480464776444,22.089128240980987
258,2,468,0,-97.00000311469064,27.816006586745715,-29.47240372117897,84.65699432080865
258,2,469,0,-97.00207945363758,23.862994910876623,-37.18636693958132,87.49561335812412
2,0,470,0,-97.00001765453055,12.375444975698855,-21.16808882428397,100.73706930067056
130,1,471,0,-97.00000110475442,13.036000348773925,-25.60669733201403,94.39024294033565
258,2,472,0,-97.00005983797917,30.434155418800657,-47.307518352135475,25.19802455718575
130,1,473,0,-97.00000647530227,19.070231614715595,-38.52114260201385,68.45056431433335
131,1,474,0,-97.00000454713674,15.940522970354735,-22.241106106934396,95.03357990332954
137,1,475,0,-97.00000004144006,7.206810262305282,-16.818410477793744,253.57989956036297
267,2,476,0,-97.00000028580921,0.15955159225039495,-2.9134900234854277,222.69197755324697
14,0,477,0,-97.00000020755881,11.061387236998996,-17.099100019271397,492.9562030740702
131,1,478,0,-97.00005263626862,34.26055705209792,-46.66260355342611,54.36048105258757
3,0,479,0,-97.00000035026173,27.39932900163032,-32.23605059174533,63.65013036507205
259,2,480,0,-97.00000220297204,21.85473085332994,-25.0447221935918,32.34927467226929
131,1,481,0,-97.00000051051828,28.024649909040676,-28.79816114706741,91.70116097599116
259,2,482,0,-97.0000007284633,7.6902265182696254,-32.382627315747776,52.00970133226187
130,1,483,0,-97.00000008123239,3.621765825272263,-5.496495406248009,244.3187959291152
130,1,484,0,-97.00000152777909,28.233439327458456,-29.69380909353189,126.99255164733901
259,2,485,0,-97.00061629067086,43.2489102224491,-35.91116826795388,68.96014902936365
3,0,486,0,-97.00012923766609,22.403422084235906,-31.374466958911306,64.58291229727435
131,1,487,0,-97.00000297344388,33.208543447667594,-30.23691713857424,64.40754509919391
4,0,488,0,-97.00000043723708,15.995294776856724,-21.543561660830846,116.48063276938305
12,0,489,0,-97.00002445034322,21.357323625412647,-27.800973307397747,125.22919267001478
259,2,490,0,-97.00002273770176,12.6148703082983,-28.736866135678405,101.03246025768549
259,2,491,0,-97.00015082439636,39.321259860844606,-51.909993730434294,40.31907607784526
259,2,492,0,-97.0000002879821,8.869145155592037,-14.500936990428864,63.18731360861642
3,0,493,0,-97.00000456471557,28.670549616696718,-40.25649655822993,40.51394893843622
259,2,494,0,-97.0000451724137,18.64947531611731,-38.30772247426845,39.489004064990084
3,0,495,0,-97.00000038012682,19.212418282288255,-26.8336458058724,94.50167881222845
131,1,496,0,-97.00000146615798,11.071339793594781,-23.489803970346088,69.22356057730717
4,0,497,0,-97.0000383507499,16.98045525725204,-22.160536620957842,146.07746631158446
3,0,498,0,-97.00000041649629,22.259071033435745,-14.373252551749191,82.53358492218409
3,0,499,0,-97.00000802837029,19.240604256632068,-27.505768020981396,63.00784044712252
259,2,500,0,-97.00010318036966,38.53714675311796,-45.95812186482421,59.31544087029015
4,0,501,0,-97.00000166179315,23.69835821414422,-28.528615812981624,172.30133029748634
131,1,502,0,-97.00000622876199,23.2996654387574,-40.99718629148065,25.639940405908607
131,1,503,0,-97.00000725571834,25.471191519419655,-44.56922953951559,72.16821848584354
268,2,504,0,-97.00000164836176,15.332694930056618,-29.30321061339184,115.11736900497363
14,0,505,0,-97.00000003471702,10.130497028513133,-13.6227198954955,140.8981680892667
4,0,506,0,-97.00019716670658,41.20433566612387,-40.738779358771765,62.387153204539146
128,1,507,0,-97.00000085407011,16.397832745833867,-17.828690011997175,138.25427755638975
4,0,508,0,-97.00000072834062,19.65292623805253,-22.22530941690882,78.16376881255255
4,0,509,0,-97.00000036054054,27.459214860144044,-25.206006394850448,91.63372403907236
260,2,510,0,-97.00000067255951,11.719264310648867,-12.909021496546437,87.67893585676266
132,1,511,0,-97.00001383747485,41.04435206319734,-42.369453122682046,60.25131805021447
260,2,512,0,-97.001964943053,29.503783754351623,-39.956241166680776,60.44890600814724
260,2,513,0,-97.00000802305091,32.59631908817802,-27.569100420113088,88.39670272883997
132,1,514,0,-97.0000006074931,1.649195566825881,-22.469476141034534,64.46527058757812
132,1,515,0,-97.00000637059662,24.18064872066239,-32.00746362713235,59.058168346272495
132,1,516,0,-97.00000006857816,19.35879771974922,-21.168755582065543,94.2024600692288
31,0,517,0,-97.0000001849705,7.715539750060131,-19.050549109241214,538.5253217977997
260,2,518,0,-97.00002601817239,40.12338674247309,-49.4648449178474,40.71562988221808
268,2,519,0,-97.00000213237985,12.156462055446454,-29.106461712627727,109.31320964988375
132,1,520,0,-97.00000125145337,20.381061797628433,-32.082079071539205,22.949039051190155
260,2,521,0,-97.00000223933854,1.2436038182212599,-11.408269583724904,89.15093320503388
260,2,522,0,-97.00007086043559,35.100224965574256,-42.295143892773325,67.94444958261249
128,1,523,0,-97.00000023786768,10.214114938634381,-4.163832152510127,256.4130735644431
4,0,524,0,-97.00055329436198,32.85603473719124,-33.16270256704568,100.60615833475433
132,1,525,0,-97.00000728023785,21.660197960407743,-32.52419586989927,101.82246614314114
128,1,526,0,-97.00000298891712,14.131916186007615,-21.890306693615788,119.79996525803854
260,2,527,0,-97.00000042980244,5.4314012951653865,-19.967638290631655,78.37235245312905
14,0,528,0,-97.00024989212505,24.870037724799836,-35.03528833257407,175.18452495332025
4,0,529,0,-97.00000496515118,18.91957478721264,-28.352505921430037,59.34753396386198
4,0,530,0,-97.00000034409045,21.433483025509275,-16.69137335188474,96.20268076804983
260,2,531,0,-97.00000304265835,27.973532157693157,-31.976612115895186,88.2995284027716
260,2,532,0,-97.00000008946539,14.631051047749523,-25.469868423554217,80.52168461622222
4,0,533,0,-97.00000005560746,11.69205950552059,-16.151682512116967,72.72045154590879
261,2,534,0,-97.00005562278481,17.594981291660034,-24.686784962298308,42.91938092870048
261,2,535,0,-97.00000202268559,34.17398153430685,-28.577708033874707,63.353766943354316
133,1,536,0,-97.0000014950119,27.99381023073991,-29.8670758454919,83.9260817305355
133,1,537,0,-97.00000311298443,17.45887944451298,-31.02452358870513,26.890652306156785
260,2,538,0,-97.00000015739097,9.578127997346527,-10.394867736988942,110.50478058735669
15,0,539,0,-97.00000039282199,6.91519235446664,-5.736539627118809,206.7097914902336
133,1,540,0,-97.00023035831353,18.025871049473103,-35.042822605931605,107.48238018140442
261,2,541,0,-97.00003174683187,28.454349744599057,-25.6169613033388,83.93573977413655
133,1,542,0,-97.00000035749781,7.429760115803774,-19.66669620411299,82.18468361686915
133,1,543,0,-97.00000161181785,23.767926450671638,-31.144185769127066,30.26392397575759
5,0,544,0,-97.00000013324207,17.42904693103867,-23.87392329378928,78.82586191061529
5,0,545,0,-97.00002505641723,17.356904862879247,-36.01170784285018,59.27915649825129
15,0,546,0,-97.00000241740005,22.865525578685926,-24.812791713015983,140.7224583976888
261,2,547,0,-97.00000412456532,13.389282126343986,-32.05610642522578,59.66293643264395
133,1,548,0,-97.00000290504106,25.371503980615543,-36.74259069674237,48.258891555613424
261,2,549,0,-97.00000036725679,6.198429460840131,-3.8419475231141362,83.83075004258716
16,0,550,0,-97.00000006420959,8.085036879848772,-12.055203904447271,116.48508716657652
5,0,551,0,-97.00000415241591,15.384394842378839,-27.818628425449745,68.29089413890615
5,0,552,0,-97.0000001029706,24.74648510661075,-25.52265559832665,104.13355750381805
5,0,553,0,-97.00000564082208,36.99124455435586,-33.790128020639834,67.88389130312237
133,1,554,0,-97.00000876822973,21.778012765317683,-18.301215632575904,86.99059356818016
133,1,555,0,-97.00000506422234,34.0656135353223,-35.44802132691687,35.4852489556295
5,0,556,0,-97.00003183840167,40.255857017478604,-37.33099822291781,62.8819897751035
5,0,557,0,-97.0002681017636,28.03835881739387,-34.12960250349367,89.41197777665569
134,1,558,0,-97.00000005439814,19.13289915993093,-17.87114348153497,105.0649650307462
15,0,559,0,-97.000470170782,39.403383829726906,-42.48186596081206,110.83414195519701
133,1,560,0,-97.0001763849081,27.227677795023084,-32.45300813533733,41.20530162394758
15,0,561,0,-97.0000278751904,17.55663017737377,-22.261716094411092,136.32195839901837
261,2,562,0,-97.00001155169824,24.88614377617796,-46.53370646081954,56.616593002190406
134,1,563,0,-97.00000106693477,20.707781974736548,-14.825967867868954,129.93334356299223
6,0,564,0,-97.00001628799937,16.9730622285675,-25.059410758028736,48.475417299234174
146,1,565,0,-97.00001767589694,31.27517204284493,-27.04412305405445,120.20062205269082
262,2,566,0,-97.0002228139755,39.47837998898987,-37.91739322482843,34.851703502858356
134,1,567,0,-97.00000787518526,21.122560733940816,-26.867630629043692,53.62819257786846
134,1,568,0,-97.00001330740832,15.430502926337198,-18.772605356535166,41.629635474217956
146,1,569,0,-97.00000016575447,10.878059798057848,-21.929249823508002,128.78361527162872
262,2,570,0,-97.0000773757468,41.67957240971528,-41.87543722195159,36.086000317292324
16,0,571,0,-97.00000005436131,12.738536282595192,-16.52778258138166,245.35102049982152
134,1,572,0,-97.00000077156658,22.645552902722798,-26.09630785036837,101.50591654017903
146,1,573,0,-97.00000027404083,4.9714431252387214,-18.907036841078465,287.2265891452998
146,1,574,0,-97.00000194743296,18.47865777514147,-25.403993544084056,121.35076256462088
6,0,575,0,-97.00000023086002,13.656921553458673,-21.034109210810904,82.45658775636919
129,1,576,0,-97.0000016705112,8.951395675781853,-12.376978938366873,136.33501139328644
6,0,577,0,-97.00003166520592,36.99754953631641,-29.010918290102957,35.44377846645981
134,1,578,0,-97.00000053541281,24.75146576625589,-32.17981654517112,101.98036659778397
6,0,579,0,-97.0000091774809,32.31307239313297,-40.30879830141168,34.93588200325596
262,2,580,0,-97.00000132803818,2.6386157155697703,-28.14851180272061,85.7156948336884
6,0,581,0,-97.0000009201283,16.586327378779075,-21.555602407739983,60.96150324567812
134,1,582,0,-97.00000625533062,15.850086775284566,-27.465468004204393,83.54765392105175
6,0,583,0,-97.00004398686616,40.85127143319532,-43.00690849740215,24.84562106843032
6,0,584,0,-97.0000016704749,21.82652049010673,-17.945838949690494,30.31728359545769
16,0,585,0,-97.00000079796051,12.107911243797702,-28.530546394747628,231.89668898968586
146,1,586,0,-97.00000043660765,18.864246994098522,-23.57480702293151,119.36000269759776
6,0,587,0,-97.00000279887347,21.925411474702273,-28.158096527884542,92.7774532764933
17,0,588,0,-97.00000816084072,14.532355988278567,-20.563074548661127,178.80791838890838
6,0,589,0,-97.00000084156318,28.275745625270147,-24.001238650338262,50.8925967549617
6,0,590,0,-97.00000102420513,7.497143996360293,-25.55769758651436,98.77207776731765
134,1,591,0,-97.00000262180808,19.86838167770547,-22.12825280184316,99.41503952141466
5,0,592,0,-97.00000020194769,18.355945059680806,-23.567470939997254,120.16440096715407
6,0,593,0,-97.00001406011424,22.10885704570599,-23.718754600878285,81.11414496941863
7,0,594,0,-97.00001033244415,28.63157446183989,-31.126003653881238,84.99026040100058
7,0,595,0,-97.00002093605816,29.450865267402946,-37.48319279102438,43.353025159647046
135,1,596,0,-97.00000023259031,26.666159301576613,-31.644165211345555,70.72479006004482
135,1,597,0,-97.00000347092619,27.724583683287676,-30.951832916675755,72.38310882537371
7,0,598,0,-97.00000008580135,19.575571088474774,-20.32345279266519,92.27904918863464
4,0,599,0,-97.00000001484298,5.636276032112292,-7.00221683137166,613.2054594438049
263,2,600,0,-97.00000015193079,20.482748414221632,-25.904851652446474,100.40130539777353
35,0,601,0,-97.0000097390348,19.34037890733744,-18.78510484850768,316.517982996678
36,0,602,0,-97.00000054427716,25.337655733390477,-24.397624352414432,129.69310889876914
135,1,603,0,-97.00000023779758,15.799585861636928,-11.734943975890701,63.293177663128986
7,0,604,0,-97.00000014093033,17.078798652388258,-17.56802899536336,56.49703967163655
7,0,605,0,-97.0000071361387,27.19783489343766,-28.728927035737534,97.54058239115533
263,2,606,0,-97.00160213950798,17.586095270621314,-41.377615468005615,51.28461149083815
264,2,607,0,-97.00000078747323,23.602523981108973,-28.086622223331126,112.63586532850158
135,1,608,0,-97.00000096970021,19.9499589030235,-34.135779725531954,69.23156638850342
263,2,609,0,-97.00000386429812,13.896953746122904,-38.31838309808272,73.72404422310555
147,1,610,0,-97.0000019481978,36.12173992066256,-36.58136574534539,112.61864513634664
263,2,611,0,-97.00001697701704,16.490048809496272,-36.22365915248668,45.13449050555043
263,2,612,0,-97.00000179925095,33.3897879544586,-36.376119415477966,78.81532867457149
7,0,613,0,-97.00075058483529,30.353808583343028,-36.23633153455178,85.8224558151919
135,1,614,0,-97.0000000393586,2.7976898299434936,-9.505498402886884,80.88555142945728
18,0,615,0,-97.00000118646166,18.722839971588755,-30.128815485238558,110.00983917939816
135,1,616,0,-97.00000014146069,12.169897086033586,-14.641597584615376,75.83033900522896
135,1,617,0,-97.0000000629006,4.888708009766702,-14.934550810830427,92.17375887666101
263,2,618,0,-97.00000633930672,20.31024671410674,-25.89056013546216,72.68008262695987
189,1,619,0,-97.00000185023086,8.634226711376456,-13.11220379218809,560.3859288504145
1,0,620,0,-97.00000006150788,20.405908871211167,-24.040054814785186,118.97857462636907
263,2,621,0,-97.0000600132962,36.511141117454336,-37.36992885973046,34.68122809060086
164,1,622,0,-97.00000023812048,16.477617246109645,-22.446091262502552,151.79736043131405
263,2,623,0,-97.0000075173174,32.40633607846314,-34.246844520601776,48.75663691876911
265,2,624,0,-97.0001292324345,31.428105538328303,-26.373260504869815,108.32366368970712
264,2,625,0,-97.0000078840896,13.3107477422691,-31.2819837289889,79.01464988925086
8,0,626,0,-97.00020670270642,6.27840509177468,-26.636452382299804,96.12097827760915
136,1,627,0,-97.00087684443338,31.974156743225663,-38.31452878252304,72.14729736504279
8,0,628,0,-97.0000004480245,19.04443097088334,-24.39946173615805,56.72924457895537
258,2,629,0,-97.00003146479742,13.153969225892851,-18.929169684604233,134.99528999732547
136,1,630,0,-97.0000006634408,16.21055864509289,-13.55680898861509,85.7596355955887
264,2,631,0,-97.00004227434948,37.50888674588849,-40.82425524630509,36.78239528395531
258,2,632,0,-97.00000010830367,4.4641994408653005,-17.543904655353412,143.78398015317754
136,1,633,0,-97.00869606441545,49.72764070071284,-52.36739336099043,34.377155900273905
258,2,634,0,-97.0000006618914,8.36724211321247,-28.30628285152665,110.63309940260352
1,0,635,0,-97.00000043626987,13.03967741095316,-23.22579064843231,124.392447094198
264,2,636,0,-97.00000063235441,3.308219158393726,-6.377656895138998,82.05720712207447
8,0,637,0,-97.00000029935,25.10888639354644,-31.124480833121577,84.04856992280965
136,1,638,0,-97.00001133199865,27.164715850406864,-40.82030177353155,55.27856439699312
136,1,639,0,-97.00000228368512,19.448000131766108,-30.598000256924966,99.22867571436824
148,1,640,0,-97.00000066118177,13.333256823800795,-22.73386351033907,122.25887960071617
136,1,641,0,-97.0002097807669,11.700823854601246,-38.366446585502175,66.25430539363137
264,2,642,0,-97.00223769053376,34.89475839258313,-36.48449870427662,69.36445233767186
136,1,643,0,-97.00038251081513,29.110723805841857,-34.55728400112811,88.80954176434751
264,2,644,0,-97.00000580258656,29.469375830499757,-35.41667962920275,84.60809287969936
264,2,645,0,-97.00000273052677,15.85627715895906,-35.143839803114105,53.85523990597259
8,0,646,0,-97.00000187688426,32.19099973366433,-26.5517182501366,80.22264389632684
136,1,647,0,-97.00001420351543,16.612875830696794,-21.724645403949204,82.73320397622267
149,1,648,0,-97.0000001069755,9.569317310100033,-6.715250455305284,124.60540225672837
136,1,649,0,-97.00000155947964,11.062622419630472,-23.866213751280334,29.35346315914135
8,0,650,0,-97.00000936624878,37.18325816979021,-40.38710636822699,76.3997498183422
136,1,651,0,-97.00001238450542,22.93885722281705,-27.913127787393375,67.77624127729126
136,1,652,0,-97.0000033954925,31.18851104429681,-30.145547410520322,58.69406272610176
136,1,653,0,-97.00000232181912,17.897722492870884,-37.19908897167209,41.65117428066428
265,2,654,0,-97.0000136916776,23.600406687066922,-29.548552982167937,47.08898196653733
9,0,655,0,-97.00001499393424,25.070593371174667,-37.099709160340964,82.8113743724614
278,2,656,0,-97.0000001602394,16.676285971766404,-23.363901937914704,110.39286178612554
9,0,657,0,-97.0000041530908,28.996223660780913,-41.882651947085385,35.119931637787374
9,0,658,0,-97.022824801828,46.60312322061309,-53.77761659597965,58.22847702685284
265,2,659,0,-97.00000257632048,14.038311554294062,-36.138947800429875,66.85538352276494
137,1,660,0,-97.00018880990783,10.978828542517121,-33.16601527071545,58.47104608424413
265,2,661,0,-97.00000218430448,21.44122559429053,-25.50320408875833,81.70820004492414
9,0,662,0,-97.00000292800023,16.054168893413078,-17.97394625411475,91.68167824164391
137,1,663,0,-97.00004322089782,42.874525165123146,-46.77745491152484,44.35552186864086
137,1,664,0,-97.00000002484218,11.971107330058416,-16.50270369514574,108.73145556836958
137,1,665,0,-97.00037802326273,27.27233025879555,-32.46612625527424,94.04086654490617
9,0,666,0,-97.00005574875127,20.339426199137947,-26.630222646818726,39.46743259040422
9,0,667,0,-97.00000089998677,13.363263149143748,-11.50122204931308,56.983200858313474
149,1,668,0,-97.00000085709274,8.26584027277066,-8.422207287385833,134.49938231859156
265,2,669,0,-97.00031536343941,29.77878577106084,-38.12255094865095,107.1900564736859
9,0,670,0,-97.00000048153797,15.325332355402566,-15.417542062173982,53.34438414970323
137,1,671,0,-97.00000312390563,35.139406264105546,-36.018251462121235,78.08370464919555
265,2,672,0,-97.00001763883033,37.216984525022696,-36.659653337728564,42.50249842860622
265,2,673,0,-97.00000195812638,20.268825006646267,-38.27367350664963,46.57496108672375
265,2,674,0,-97.00000004450325,9.749574458850205,-16.24217953655082,89.37616511215778
9,0,675,0,-97.00027467550024,36.43347472252412,-44.13364561767405,83.12605923339589
9,0,676,0,-97.00000047424254,15.475376495244248,-8.904892932453945,47.691199308940206
9,0,677,0,-97.00007464043665,52.38676232729394,-53.472357555816586,93.65385983349694
9,0,678,0,-97.00000007174474,-0.8436592496280895,-15.284855574341618,70.8765859879249
265,2,679,0,-97.00000815091333,11.268216843981826,-33.30259932126669,68.7211076918578
2,0,680,0,-97.0002593117406,18.39993467340434,-33.18692032420288,157.73163722153785
137,1,681,0,-97.000485517998,16.800506423628235,-34.27439094874195,102.46574329687994
149,1,682,0,-97.00000016402713,21.077828268495537,-18.51505744461075,195.70467638431484
9,0,683,0,-97.00000216114015,32.73477983419977,-30.871973365479505,52.77565135951482
10,0,684,0,-97.00046767591498,23.31218070145622,-38.84546276759682,57.3286102223361
266,2,685,0,-97.00000436045087,30.803175683700502,-31.43445735906958,45.43531636638932
138,1,686,0,-97.00000344659145,31.132418370370885,-38.027900503544984,64.52376751762162
10,0,687,0,-97.0000410538291,37.39634992819229,-39.61590950442995,41.30652156827241
280,2,688,0,-97.00000022709507,8.235785123835413,-20.97874295563072,140.5485743937425
10,0,689,0,-97.0000027507418,33.9148223446423,-39.54139581106668,29.80461357809727
266,2,690,0,-97.00020254812259,26.90227975038342,-34.574124802886075,42.222954097549994
280,2,691,0,-97.00000246647514,20.48956985470069,-23.089340844707593,109.79237436270658
266,2,692,0,-97.00000910486304,26.933048390736786,-41.565229294917565,63.48320233740044
266,2,693,0,-97.00001781174304,27.960830300087693,-44.77573706707456,56.97487911865222
10,0,694,0,-97.00002434147052,31.322948011813693,-38.877277270042576,75.46300189122385
280,2,695,0,-97.0000000853879,21.365626619148117,-22.249147244859778,154.6900630054292
138,1,696,0,-97.00000051440308,24.95417882217069,-32.93009992718399,97.77998392958305
266,2,697,0,-97.00000132521699,26.759087354679195,-26.422929296250505,49.87716633196269
10,0,698,0,-97.00001675954474,31.357544475262728,-37.00039734832907,43.67418108778501
266,2,699,0,-97.0000053437986,27.032397358577427,-29.324699746138286,85.80553698594801
266,2,700,0,-97.0000076187029,26.501293901409156,-34.65009382632269,47.44582596214604
10,0,701,0,-97.00015012143855,47.31725420033199,-47.283134918065656,76.25406893382026
10,0,702,0,-97.00000396617085,11.848156298271917,-26.955848066809857,56.17581080183115
11,0,703,0,-97.00000004468461,19.308912049885038,-12.457553599985909,179.15819612503552
137,1,704,0,-97.00000047918307,14.756810973554607,-18.260185148129434,128.10614361991608
266,2,705,0,-97.00003165902359,11.83596398144148,-25.06847751040917,46.819930608278746
138,1,706,0,-97.00000002105669,9.28043286483117,-18.824776740439432,103.27659139175672
138,1,707,0,-97.00000079217128,18.869914231474496,-24.139927402631084,76.36252042815126
279,2,708,0,-97.00000614719971,7.870514825841177,-20.87386030880674,175.4485080617001
10,0,709,0,-97.00002776082943,25.180700230875075,-40.47634272779159,63.828501131557154
138,1,710,0,-97.00054786857355,33.27943266453653,-40.352921688196524,32.36106499116905
10,0,711,0,-97.0000002038225,19.650182397459943,-19.95621630156251,97.84931841753196
10,0,712,0,-97.00000464686839,33.011630229266515,-32.89595081103465,79.6208113453323
137,1,713,0,-97.00000111205074,19.03944663891754,-26.578384568138873,174.8027951528751
267,2,714,0,-97.00003243862615,18.19498218029277,-43.40199623348448,33.311970849109606
267,2,715,0,-97.00005730940094,26.903274026481498,-43.83193704965023,46.01748991992976
11,0,716,0,-97.00002410444684,37.17309068020327,-45.643342562636875,33.56148759375804
302,2,717,0,-97.00000001593297,2.8068704701965856,-8.025264235238822,311.3328642523193
12,0,718,0,-97.0000007773647,26.231732727682818,-32.468550444205746,149.83501990610552
267,2,719,0,-97.00000035861062,7.475852991049663,-19.240165954172806,92.32389125258322
11,0,720,0,-97.00003852017196,27.16777505633405,-36.15483761213553,87.66259525421495
267,2,721,0,-97.00000100567868,21.637142858608257,-32.443140641747675,98.39038105288446
11,0,722,0,-97.00000106896617,24.60721132930138,-37.07847205167964,55.79084344660037
11,0,723,0,-97.00000325060181,16.981605964565958,-29.69212102134381,97.6381542502089
281,2,724,0,-97.00000115124794,0.6754917244945489,-13.272809711762225,154.85586246702965
139,1,725,0,-97.00001931349564,32.285210682045815,-31.190959608685652,56.96009535303058
139,1,726,0,-97.0000004687559,15.65786149429313,-25.413889529888095,92.54307243292838
267,2,727,0,-97.0000069678709,25.623315312063497,-37.79133194029984,70.12396058291073
11,0,728,0,-97.00002285068126,32.40300983732084,-39.49033415099074,84.04112412907291
139,1,729,0,-97.00000044616301,8.807369356729993,-13.9411223612886,83.41953439428971
267,2,730,0,-97.00001607314192,20.73169743001617,-35.44459494266066,32.94550951774931
267,2,731,0,-97.0000000250361,15.810448083902173,-17.417736567443235,71.46125149794696
11,0,732,0,-97.00010808507928,38.99122427858913,-34.11019228052063,63.50266212195985
11,0,733,0,-97.00000047206962,15.336207620730079,-17.260670777390835,101.87624043477723
267,2,734,0,-97.00000560053155,32.770085953406124,-39.015246385869524,92.05703793615668
152,1,735,0,-97.00000154512328,5.795357261878216,-26.043336025285345,120.07704786912075
12,0,736,0,-97.00001165689417,23.717496557002292,-35.74763962695784,123.02204623774553
267,2,737,0,-97.00000012350182,15.889025862685088,-19.846759104940222,89.6453157683774
139,1,738,0,-97.0000351154151,20.628180988735977,-44.19551186783803,41.024368574722835
11,0,739,0,-97.00440708026163,49.708368442337644,-47.29593627878259,75.77790372760852
11,0,740,0,-97.00000194236739,38.44418294363652,-40.48729013074457,64.4404983360181
139,1,741,0,-97.00001127526357,26.469046330518225,-44.358908524567184,63.35207033826094
139,1,742,0,-97.00023005313493,46.68602923981333,-51.12098645935656,36.835512088493324
11,0,743,0,-97.00007638428913,37.250234218375965,-41.74137665295186,71.60743398972545
268,2,744,0,-97.00005902636806,19.51262240294019,-43.043461951167934,55.59797736510616
268,2,745,0,-97.00003130152362,41.58918521518092,-44.94875702493551,72.39604122135121
140,1,746,0,-97.00000243547562,26.048428936368396,-28.855184524925555,53.56367679751092
12,0,747,0,-97.00000007216481,16.180113638961927,-19.57792816209829,93.36511370524498
140,1,748,0,-97.0000028138742,17.461362646340902,-21.15828244751446,66.38072268852244
140,1,749,0,-97.00000452347463,36.61823791708885,-42.1254292438994,95.37533263331109
139,1,750,0,-97.00000175558885,17.774463228391525,-28.033104137620676,126.9834127789152
12,0,751,0,-97.00000124674635,24.47017155677512,-23.2060973706322,74.39616907382278
140,1,752,0,-97.00017499629314,28.870050872450392,-32.31200398216501,69.81181914680775
140,1,753,0,-97.00000296702859,18.528120138438652,-41.99414078855183,51.27466793902012
140,1,754,0,-97.0000011014193,21.694636599077498,-25.606358103002318,58.43881366111971
13,0,755,0,-97.0000401350815,39.30960649911704,-34.75431233439123,144.41408723034465
268,2,756,0,-97.00000212170131,15.40141117478855,-24.167635801886547,63.13752438205504
139,1,757,0,-97.00000129887185,30.811786491867906,-30.472343323403255,133.25519432191808
4,0,758,0,-97.00000559126985,15.625355132487535,-23.976851584760798,116.53053322006897
140,1,759,0,-97.00005297559846,29.102706792232908,-37.04455961935218,41.2612042719808
12,0,760,0,-97.00037269907196,33.57276599414,-36.63480316707279,68.26131325557009
13,0,761,0,-97.00000008937448,15.579528425279321,-15.153072530648835,106.78841046427704
13,0,762,0,-97.0000015669556,21.90645341367035,-30.94683749568096,128.28691717037805
329,2,763,0,-97.00000000318823,3.74627226311884,-3.7184376210112364,574.7296662551446
268,2,764,0,-97.00000271545302,27.86111594239776,-34.988097417685005,72.18923588853815
140,1,765,0,-97.00000252286549,16.989574451165005,-29.356192771504958,106.32295997202087
12,0,766,0,-97.00001007802217,31.474733053152946,-24.89344883421711,63.01724881804536
13,0,767,0,-97.0000005321243,26.427888687994212,-24.439411010411398,214.8579152071137
282,2,768,0,-97.0000001341507,15.644464128412437,-23.27628573896769,182.35504264702462
12,0,769,0,-97.00003949467704,35.00266082163998,-36.97652513340671,25.821749192919228
268,2,770,0,-97.00001828521917,39.35961061397538,-41.208833833732044,57.72643584601206
140,1,771,0,-97.00001453330486,35.569060888184126,-39.97707184057041,65.13673738617481
268,2,772,0,-97.00000411773419,5.110023104521154,-23.76447949197027,96.86162411665187
282,2,773,0,-97.00000018232828,12.791319709496747,-9.214572392173876,224.01368856333153
141,1,774,0,-97.0000072350399,26.06016990983595,-34.645574012453764,59.90334393344185
142,1,775,0,-97.0000003887495,22.624456477766074,-19.833030233422978,133.43744112763488
132,1,776,0,-97.00007758871048,37.36721336598143,-30.216260538526445,103.76361732768432
141,1,777,0,-97.00001773791388,20.876891698471262,-45.29288489046956,39.88501040275621
141,1,778,0,-97.00050953561086,31.483966752617988,-38.605809378480274,40.031576038176254
268,2,779,0,-97.00000130736667,20.06907520667349,-27.870644372586703,119.53385069199523
29,0,780,0,-97.00000021498835,17.260090779890433,-20.29042011762587,106.56891466587489
29,0,781,0,-97.0000071808671,1.9735663134362156,-24.97697390795164,259.14181434549386
268,2,782,0,-97.00001838800189,23.0707923905059,-23.074545492780594,179.88665528829299
141,1,783,0,-97.00002465989465,21.458322940933613,-45.0293828165383,64.86597061461163
269,2,784,0,-97.00000516170002,21.04270247744195,-38.10064338448274,78.67619727110534
269,2,785,0,-97.00000102294239,21.196093268466996,-25.49180171936929,57.74829048489743
283,2,786,0,-97.00000012545449,10.053229788836333,-16.907554873569545,128.3594927703023
29,0,787,0,-97.00000820520218,10.625668639326008,-39.775474490577935,111.5474077373477
13,0,788,0,-97.00003700491798,38.54143859412473,-42.08248442202027,92.66988779133531
142,1,789,0,-97.00000038424503,16.71328432653499,-19.064946626898536,128.91775388334707
269,2,790,0,-97.00004214506464,29.720944021764836,-35.52983065104593,60.82066533310835
29,0,791,0,-97.00000199672424,7.449109446802069,-8.256480669694882,226.510752453387
269,2,792,0,-97.00000740874346,19.38844063657408,-37.1224570517915,61.78276575338547
141,1,793,0,-97.00002599427373,34.1287561140821,-43.70232849755632,45.50956347937455
13,0,794,0,-97.00001243027417,14.789736525131858,-35.837341753188674,59.923574587938866
13,0,795,0,-97.00000298607362,12.543266103880612,-36.64234521074961,73.48434538591596
269,2,796,0,-97.00000006463783,9.464904565307805,-16.177011990368126,77.02717182133269
283,2,797,0,-97.00000003283505,6.588838785564747,-7.587903087894583,106.74616553888687
13,0,798,0,-97.00030312378,28.224404266790096,-29.81008911177465,61.1679567631061
141,1,799,0,-97.00052103744392,28.058201034939742,-37.58157500780218,101.97778656757147
29,0,800,0,-97.0000000931019,0.12605713914088312,-8.191154769727513,115.96390040374415
269,2,801,0,-97.00000099225616,18.405651254967694,-26.72166774408624,59.04908219492664
28,0,802,0,-97.00000030057063,9.336772555247933,-21.463201345297517,126.36797790445317
269,2,803,0,-97.00587941900632,43.173634327412316,-42.900786394953705,63.746161369332484
30,0,804,0,-97.0000001933769,7.809821199033777,-7.013091914953882,136.43102425169562
270,2,805,0,-97.00001610544363,30.474643105240446,-41.36590650404755,49.22236994179129
142,1,806,0,-97.00002573311055,15.937083759156309,-39.493856704786275,36.287071730606485
30,0,807,0,-97.00000212629496,20.661020929222587,-15.11664666717056,171.29759738132216
14,0,808,0,-97.00246666582254,45.97997615998723,-62.571389197937904,35.525374882196346
270,2,809,0,-97.00000010314592,14.719067897700143,-14.919600124309284,66.78010042661532
142,1,810,0,-97.00000888808043,16.224206271867892,-34.11711785488777,68.37234792711729
30,0,811,0,-97.0000001910458,24.128250044293765,-23.20199138786061,116.62193075725696
14,0,812,0,-97.00000165197137,9.611142490631465,-12.452178722432912,86.93983607127686
270,2,813,0,-97.00000063334375,28.26543636532986,-27.78382116474542,85.02131985455149
270,2,814,0,-97.00000144599856,14.027335342689085,-33.839239330592214,100.65654951509623
270,2,815,0,-97.00000393680247,24.572051248257452,-32.43313677069924,78.40005350246847
142,1,816,0,-97.0000305296352,33.24034158322908,-42.75239433601602,67.62484083409666
14,0,817,0,-97.00000756283994,17.225757887146855,-37.82804012905273,88.65206427355054
269,2,818,0,-97.00000393800319,13.991743870040594,-14.194779270533997,109.87187823837517
142,1,819,0,-97.00040822335421,36.84113095050954,-37.11535766817585,97.44748586135898
142,1,820,0,-97.00000481121536,26.680707599583627,-40.9109434766409,52.57040771309543
270,2,821,0,-97.00000274318134,13.053263125302948,-30.92102663870225,43.01880461242487
14,0,822,0,-97.00000762372099,22.266301735084213,-25.536105024855846,60.10075814516105
14,0,823,0,-97.00024853438492,30.386236674596418,-37.97952785028434,72.2292802240004
15,0,824,0,-97.00000049075614,23.689861515119112,-26.10876469726891,149.29988835237396
133,1,825,0,-97.00000020526508,4.213897562585586,-6.419679352137571,119.19512671174445
142,1,826,0,-97.00000024446972,17.245405608460644,-15.546938879071298,93.24140479985684
14,0,827,0,-97.00000005943792,21.891630668761422,-26.110341467859868,82.35590292064833
14,0,828,0,-97.00000350421185,28.118949413910656,-36.93989166047085,43.49013806075168
14,0,829,0,-97.00000244478157,33.962837851732246,-30.52716425617372,53.41436926863405
30,0,830,0,-97.00000082406686,19.192225073266798,-17.123530309964845,272.4677081169421
142,1,831,0,-97.0001138019323,28.286333679179563,-53.104540012745815,28.754965705995932
270,2,832,0,-97.00000051828383,21.44641062418438,-15.221722182793114,71.88241672806981
14,0,833,0,-97.00001316644733,24.881849169297766,-33.54282806017015,79.2207192922536
15,0,834,0,-97.00004281067338,34.67802743549319,-47.01646713331026,55.97218256659674
271,2,835,0,-97.0002240081651,16.828745116399162,-37.09154111802569,75.61181956436127
143,1,836,0,-97.00014762418799,12.582160961742915,-36.27804035413033,33.89003131079847
271,2,837,0,-97.0000010062075,13.755927244070165,-17.53771827466221,92.7938183430111
270,2,838,0,-97.00000118644746,11.19978726991971,-16.03557602692973,150.99451635870935
15,0,839,0,-97.00000139486649,20.145529286861773,-20.25567205836186,64.54979966641774
143,1,840,0,-97.00000002246988,10.51187048100968,-17.37093910544012,83.5032004978154
143,1,841,0,-97.00000000410144,8.161679558844384,-7.711850242842766,102.07357645959522
15,0,842,0,-97.00000277341893,24.801523170171663,-34.52921497209991,25.922240179565375
15,0,843,0,-97.00004142111167,22.063734134061477,-44.65284867330637,53.73189392367392
271,2,844,0,-97.00000482450929,34.27157378982985,-32.66186603701199,115.12267166902039
31,0,845,0,-97.00000085273737,1.6677666440583891,-11.567637860375795,145.7815466365108
31,0,846,0,-97.00000011686926,12.018475923934602,-16.845462597946675,117.90674252845501
15,0,847,0,-97.00000027907733,16.98165042573588,-20.657564691412205,78.39584315341153
271,2,848,0,-97.0000003354914,15.496670609707422,-15.676400259663268,94.19155558898161
271,2,849,0,-97.00000070806759,11.607178489532117,-11.897356430077249,70.79098646375381
143,1,850,0,-97.00001465644395,27.717169630961095,-39.177620062575414,65.16480260270531
270,2,851,0,-97.00000026175775,15.579067623091163,-20.321908846564874,170.3024341040679
271,2,852,0,-97.00000012688875,9.876531971903901,-10.733713459496368,90.98604094322299
15,0,853,0,-97.00000041751377,25.825016986839245,-33.80721174067779,83.16393254956812
271,2,854,0,-97.00002210279384,31.68653278836905,-34.388550595276975,41.78108767856468
31,0,855,0,-97.00000018439971,0.8131682986305009,-6.011547502840524,103.72864069206561
271,2,856,0,-97.00046498748917,31.965506907085896,-33.09340421072928,46.63918213892598
143,1,857,0,-97.00008870535743,26.05640909140743,-27.685060013209633,104.63746505711447
15,0,858,0,-97.00000010122588,6.04748331730616,-17.042145187353405,90.62487212310987
271,2,859,0,-97.00003209868956,35.10140611331897,-35.901984372730304,40.092645041784415
143,1,860,0,-97.0003018567647,18.107974598352804,-39.09637758515526,62.45356373342529
143,1,861,0,-97.00000285445175,21.7806148336729,-19.62819969414346,56.02607642072487
270,2,862,0,-97.00000186968249,35.130343009958494,-33.984985055582975,112.724977707071
271,2,863,0,-97.001429734601,27.433713485256206,-43.23592170997997,29.896069165669363
16,0,864,0,-97.0000030995771,18.676967604262643,-16.881861710587454,97.45007251305084
272,2,865,0,-97.00000239185607,29.863116239473285,-30.51393386854207,76.91405320644131
260,2,866,0,-97.00000015144377,12.593289296384484,-20.29516003308087,302.5442295264054
144,1,867,0,-97.00000008596693,13.831816497828441,-18.699598296286425,72.24037468046295
261,2,868,0,-97.00000024272667,11.935060045620418,-19.124440217170644,287.7417869937374
144,1,869,0,-97.00000228949183,29.162560183569113,-36.687435442362926,93.98077482129298
272,2,870,0,-97.00000446481174,11.346074095016078,-34.39075489714382,70.6942675277858
144,1,871,0,-97.00001885404009,29.634526317362116,-38.3213374219553,30.86962528982062
16,0,872,0,-97.00000013535472,24.634033133774167,-21.270488824124296,65.2704394804915
32,0,873,0,-97.00000019517856,0.913064968472483,-11.11304774966126,232.05789280684732
16,0,874,0,-97.00002349591989,41.25027444161071,-48.422433879027395,42.42427116783736
144,1,875,0,-97.00000621317727,24.56465962717931,-32.455355441001366,50.63128810431332
144,1,876,0,-97.0000006590926,20.553101049123384,-20.144701557610958,68.64713049820043
32,0,877,0,-97.00000031320988,8.916917119619939,-24.971656929283824,133.40584674608937
16,0,878,0,-97.00000011284281,23.994621754399148,-25.318082939288082,89.26690843513397
144,1,879,0,-97.00093282859832,22.984453584506596,-43.45650377433194,44.55222682778906
144,1,880,0,-97.0000006832397,27.426616805377165,-29.10427763379478,70.93880195208904
16,0,881,0,-97.00000005239369,16.902352672403637,-18.839929247364513,90.96967111353523
272,2,882,0,-97.0000076638514,24.42694658315368,-35.28920028710995,57.03525840551519
32,0,883,0,-97.00000082395286,7.826829098998687,-23.185259671563013,142.79139356730803
144,1,884,0,-97.00000101676694,24.610454247828073,-29.480880462493122,63.27605700494539
16,0,885,0,-97.00000819914834,13.909880638840576,-21.315197789804014,35.35398536943988
144,1,886,0,-97.00000141862104,29.949617170862226,-36.9823611878456,49.52302998663592
16,0,887,0,-97.00000034845483,11.003451421238339,-20.164643747184417,101.64902379755927
144,1,888,0,-97.00000478673896,30.903488219534324,-44.78547507884191,33.150400844487535
272,2,889,0,-97.0000016976645,23.54965173452618,-34.87417256547424,86.14585245230012
272,2,890,0,-97.00000642628596,24.333609763788644,-32.342109916734124,85.63042172975197
261,2,891,0,-97.00001228628815,17.224623985617093,-25.94062547940538,117.82737636796983
144,1,892,0,-97.00000049280249,31.959537454388013,-29.814475587759922,67.32705274175078
16,0,893,0,-97.00000002318738,3.9736307155289694,-13.774133333906192,70.76627761791559
273,2,894,0,-97.00001589840447,36.75649678352996,-35.99334124865036,48.43537664104703
17,0,895,0,-97.00075651908752,46.916469252751554,-54.78794078615226,50.06374881257904
145,1,896,0,-97.00001112167365,41.53109692477321,-44.6732923476449,52.54741597800362
145,1,897,0,-97.00102657311089,14.468135378005911,-40.799549834255075,73.4980848968622
273,2,898,0,-97.00000003200829,11.121394305137358,-12.992456837038462,92.7913630722384
17,0,899,0,-97.00003097525347,34.67200643401043,-37.89565350932479,28.28986199533808
163,1,900,0,-97.00001172101356,14.1936094958251,-31.052380259494083,103.39235475846179
273,2,901,0,-97.00049557523008,21.98772813047914,-39.2969194360299,80.35928427861919
17,0,902,0,-97.0000569649528,41.806550659522955,-43.65196266135834,34.852558730689836
145,1,903,0,-97.00001066256807,17.357268970077484,-43.71416786599713,25.15835618732069
145,1,904,0,-97.00000084485528,24.80350799702076,-29.730243432474623,59.17341578502482
163,1,905,0,-97.00000061106167,14.886518557467667,-25.503487253618054,114.81455341899265
17,0,906,0,-97.00264371445249,35.7752921190433,-49.76789504083178,70.0451414662885
273,2,907,0,-97.0000228054699,46.99178986628765,-43.995827328883685,46.99655636816836
145,1,908,0,-97.00000012205369,14.451637511326481,-13.202930582623999,102.15821590563529
273,2,909,0,-97.00000482011563,29.329540786516347,-24.715476567629867,53.09768947160586
33,0,910,0,-97.00012049871874,18.452789507734998,-28.82502995371821,119.81459802788855
273,2,911,0,-97.00004748073111,45.327862248100274,-42.8845020542128,57.216070447965514
145,1,912,0,-97.0000069961153,23.15381079593635,-31.793389474099357,93.77301147956608
17,0,913,0,-97.00011819048882,41.65387205855703,-45.70530749227662,36.64530029657824
145,1,914,0,-97.00000233132837,16.006984189523223,-16.728454066538884,73.30867277393065
17,0,915,0,-97.00000392575583,27.968625044335965,-36.521034340562004,77.30381212078987
262,2,916,0,-97.00000009277555,12.114146826757292,-14.733393679226797,117.23617515823398
145,1,917,0,-97.00009760840828,19.347391477866324,-43.34288811651142,45.75426544596597
145,1,918,0,-97.00000400494464,15.646628149167896,-31.549212466501015,103.20923966257192
274,2,919,0,-97.00000013577477,11.42793624747216,-15.769341835779434,191.10966655941223
163,1,920,0,-97.0000000157986,15.911559864670863,-15.46089206559111,106.53945262366061
17,0,921,0,-97.00019686658953,49.37040775202544,-44.40680751450245,57.29155111911924
33,0,922,0,-97.0000002359265,8.790546779831246,-10.789255585593146,132.90805929326308
17,0,923,0,-97.00001920832179,17.173619089240134,-41.15218625160839,44.75255321419187
18,0,924,0,-97.0000182773781,29.884721013152458,-36.030576998365895,89.84021727951905
164,1,925,0,-97.00000053266159,16.53430674897261,-14.783665165392726,117.20112959553236
274,2,926,0,-97.00000724782667,30.309140134470283,-29.045341647790703,94.03197698875411
18,0,927,0,-97.0000246193761,30.711729745556852,-47.61367946331424,80.13952888102064
18,0,928,0,-97.00000873935988,35.68501297076541,-36.559326663414495,71.39475485732613
164,1,929,0,-97.00001002280881,13.525560870465817,-18.340284506494797,208.42392420636574
274,2,930,0,-97.000018863115,23.348773122462063,-34.330135248763966,41.21055034728493
6,0,931,0,-97.00000021368784,12.980092213431192,-23.58839383224417,140.91181765296935
146,1,932,0,-97.00000236191775,34.55176208618455,-33.08169972255514,74.22880892581567
164,1,933,0,-97.00000106060605,19.023464535006767,-26.010852923574234,112.90902411148477
18,0,934,0,-97.00000005120813,3.0480340479248866,-12.617610874839718,49.51754434394658
146,1,935,0,-97.0000013700252,27.207419878166377,-26.583420049297203,91.25486260119122
274,2,936,0,-97.00000841936323,19.704554538481787,-39.2581491828176,55.958281098393996
18,0,937,0,-97.00054148626347,40.37986269236728,-37.92625311727258,33.550583270703704
146,1,938,0,-97.00000836616582,13.728830020401816,-34.058480503696906,89.25529087995811
17,0,939,0,-97.00000004223264,10.058130287356818,-16.695456440411935,134.83898057281738
18,0,940,0,-97.00276706243561,41.72836529165646,-40.56269369115557,59.244010068144554
274,2,941,0,-97.00000082766157,20.294310729223483,-31.50218970926271,37.631673522236206
146,1,942,0,-97.00000754805407,21.87002955053731,-32.82472356542503,30.5654489990551
274,2,943,0,-97.00006508917045,19.54734340952536,-24.546794541856848,67.37517772677235
146,1,944,0,-97.00000067636559,23.669430825127392,-28.94174789992746,105.47497332960347
18,0,945,0,-97.00000109852253,32.24818408238011,-36.86364584971658,79.44847515186831
274,2,946,0,-97.0000004915811,20.513130938766423,-29.640709036299885,69.52749829951406
6,0,947,0,-97.00000008259721,20.699992147302297,-15.646007862608673,134.71736084322828
274,2,948,0,-97.00001366301193,25.798354818646786,-39.35238183880848,41.316871793465005
146,1,949,0,-97.00007289419963,3.2470366653165925,-43.564936415875565,39.595048338634335
18,0,950,0,-97.00000016727347,17.097635031358053,-15.774005852151955,80.08230752584993
146,1,951,0,-97.0000022739595,18.22938459303532,-27.360901692593508,73.0424925780365
274,2,952,0,-97.0000005815806,10.718123394838827,-20.909245436618036,107.21948033512115
18,0,953,0,-97.00000041719083,22.371160804329634,-26.541791700435866,101.22520865309913
