RxNodeID,FreqInGHz,BandwidthMHz,N0,RSSI,BestRSRP,BestRSRPNode,BestSINR,RoIDbm,BestCouplingLoss,MaxTxAg,MaxRxAg,AssoTxAg,AssoRxAg,MaxTransmitBeamID
716,4,10,-97,2.4104446837937567e-05,-46.1798608995893,11,37.17309068020327,-1000,-87.1798608995893,18.460295622766893,-1000,18.460295622766893,0,9
803,4,10,-97,0.005879419006314987,-22.306865007237178,269,43.173634327412316,-1000,-63.30686500723718,15.83938449356954,-1000,15.83938449356954,0,8
875,4,10,-97,6.213177275338719e-06,-52.0820177031066,144,24.56465962717931,-1000,-93.0820177031066,11.900737875716768,-1000,11.900737875716768,0,11
901,4,10,-97,0.0004955752300753746,-33.07629718358777,273,21.98772813047914,-1000,-74.07629718358777,14.99512754016254,-1000,14.99512754016254,0,10
589,4,10,-97,8.415631798171287e-07,-60.75558760289701,6,28.275745625270147,-1000,-101.75558760289701,10.641005671172035,-1000,10.641005671172035,0,4
655,4,10,-97,1.4993934240588286e-05,-48.25433517128381,9,25.070593371174667,-1000,-89.25433517128381,17.899588436007782,-1000,17.899588436007782,0,10
675,4,10,-97,0.0002746755002358923,-35.61278791863565,9,36.43347472252412,-1000,-76.61278791863565,12.79461759753903,-1000,12.79461759753903,0,10
576,4,10,-97,1.6705111913267785e-06,-58.29193734486995,129,8.951395675781853,-1000,-99.29193734486995,13.003193520912909,-1000,12.394062981203888,0,10
592,4,10,-97,2.0194768641490083e-07,-67.01056733384918,5,18.355945059680806,-1000,-108.01056733384918,17.25558269843163,-1000,-6.304539756748678,0,9
618,4,10,-97,6.339306719951111e-06,-52.01983047631572,263,20.31024671410674,-1000,-93.01983047631572,10.786995481522307,-1000,10.786995481522307,0,1
827,4,10,-97,5.943792333852779e-08,-72.28736773937743,14,21.891630668761422,-1000,-113.28736773937743,17.904971072313383,-1000,17.904971072313383,0,10
411,4,10,-97,4.698150224244669e-07,-63.30409463575768,259,22.6807530712382,-1000,-104.30409463575768,11.28364270390744,-1000,11.28364270390744,0,9
442,4,10,-97,1.2496086764716813e-06,-59.07990864936197,257,19.573461729458018,-1000,-100.07990864936197,11.415536287794032,-1000,7.158975714303738,0,6
527,4,10,-97,4.2980244531875096e-07,-64.76081962085587,260,5.4314012951653865,-1000,-105.76081962085587,16.77554490373654,-1000,16.77554490373654,0,9
521,4,10,-97,2.2393385469104526e-06,-58.93166253437883,260,1.2436038182212599,-1000,-99.93166253437883,18.486467334741036,-1000,18.486467334741036,0,8
667,4,10,-97,8.999867680250063e-07,-60.65335877383325,9,13.363263149143748,-1000,-101.65335877383325,8.261505789563332,-1000,-3.993500266598809,0,8
879,4,10,-97,0.0009328285983269403,-30.3237710673191,144,22.984453584506596,-1000,-71.3237710673191,12.333732656620022,-1000,12.333732656620022,0,7
761,4,10,-97,8.937448528190212e-08,-70.60641148163867,13,15.579528425279321,-1000,-111.60641148163867,10.30419953807266,-1000,10.30419953807266,0,3
859,4,10,-97,3.209868956037338e-05,-44.936468431088485,271,35.10140611331897,-1000,-85.93646843108849,15.363201346280418,-1000,15.363201346280418,0,10
452,4,10,-97,7.222831883218245e-07,-62.23982603213133,130,6.783298749480963,-1000,-103.23982603213133,10.817033602062184,-1000,10.817033602062184,0,9
502,4,10,-97,6.228761983703201e-06,-52.07625032037747,131,23.2996654387574,-1000,-93.07625032037747,11.381617264695434,-1000,8.251120634277397,0,2
753,4,10,-97,2.9670285932652556e-06,-55.337308754135165,140,18.528120138438652,-1000,-96.33730875413517,12.027568975429629,-1000,12.027568975429629,0,6
788,4,10,-97,3.7004917979319235e-05,-44.31801312982489,13,38.54143859412473,-1000,-85.31801312982489,11.021801781877738,-1000,11.021801781877738,0,4
839,4,10,-97,1.3948664905893075e-06,-58.596470084956024,15,20.145529286861773,-1000,-99.59647008495602,8.43763473008553,-1000,4.187844981750269,0,1
882,4,10,-97,7.663851406534878e-06,-51.171171783909955,272,24.42694658315368,-1000,-92.17117178390995,14.030008828909125,-1000,14.030008828909125,0,10
891,4,10,-97,1.2286288155028617e-05,-49.18730845150404,261,17.224623985617093,-1000,-90.18730845150404,15.666135123725297,-1000,15.666135123725297,0,8
444,4,10,-97,1.632583686583226e-07,-68.67902508881322,2,6.894765992766949,-1000,-109.67902508881322,8.274516485304858,-1000,-6.618051612603416,0,9
448,4,10,-97,3.3876117415788594e-08,-75.76534541544393,266,5.564274503418417,-1000,-116.76534541544393,9.358186406831516,-1000,9.358186406831516,0,2
506,4,10,-97,0.00019716670658913283,-37.05199328304941,4,41.20433566612387,-1000,-78.05199328304941,16.990026450200286,-1000,16.990026450200286,0,7
902,4,10,-97,5.696495280241829e-05,-42.44420907473038,17,41.806550659522955,-1000,-83.44420907473038,11.356686957176258,-1000,5.199720150265656,0,3
919,4,10,-97,1.357747682859855e-07,-68.97367245382816,274,11.42793624747216,-1000,-109.97367245382816,18.449176463096194,-1000,6.6565485598142065,0,9
504,4,10,-97,1.6483617621113755e-06,-57.954855388938626,268,15.332694930056618,-1000,-98.95485538893863,10.315160862641342,-1000,10.315160862641342,0,0
808,4,10,-97,0.002466665822542407,-26.079006428693575,14,45.97997615998723,-1000,-67.07900642869357,20.69771152105857,-1000,20.69771152105857,0,8
896,4,10,-97,1.1121673646014333e-05,-49.538603782524746,145,41.53109692477321,-1000,-90.53860378252475,16.45130040230285,-1000,16.45130040230285,0,10
415,4,10,-97,2.3043450821488452e-06,-56.58503723379131,1,13.039384966694826,-1000,-97.58503723379131,8.48404537369304,-1000,-0.48734367838573167,0,8
491,4,10,-97,0.00015082439635056508,-38.21579177212399,259,39.321259860844606,-1000,-79.21579177212399,21.379852725176875,-1000,21.379852725176875,0,9
712,4,10,-97,4.6468683953098075e-06,-53.330566535712606,10,33.011630229266515,-1000,-94.3305665357126,10.655402233933309,-1000,10.655402233933309,0,3
789,4,10,-97,3.8424502237355245e-07,-64.24551172819025,142,16.71328432653499,-1000,-105.24551172819025,8.63290182729678,-1000,4.356020403863598,0,0
895,4,10,-97,0.0007565190875206101,-31.211889434436387,17,46.916469252751554,-1000,-72.21188943443639,17.66888543174786,-1000,17.66888543174786,0,10
938,4,10,-97,8.366165810505814e-06,-50.95497815382299,146,13.728830020401816,-1000,-91.95497815382299,14.284693437196829,-1000,14.284693437196829,0,10
385,4,10,-97,7.300717973103435e-08,-71.96202049460241,146,8.326498674501451,-1000,-112.96202049460241,7.961067708563886,-1000,1.3675834448194033,0,9
393,4,10,-97,5.91873616231715e-07,-62.364593756889974,256,16.944952490497087,-1000,-103.36459375688997,10.680160938934836,-1000,1.5770223468677553,0,2
582,4,10,-97,6.255330622261143e-06,-52.14897547233102,134,15.850086775284566,-1000,-93.14897547233102,15.783658278038914,-1000,15.783658278038914,0,9
412,4,10,-97,1.676206990623749e-05,-48.10031539393371,135,10.844485818112005,-1000,-89.10031539393371,15.687138048151935,-1000,9.350309894858214,0,10
643,4,10,-97,0.00038251081513074054,-34.17888935542322,136,29.110723805841857,-1000,-75.17888935542322,16.665611791699916,-1000,16.665611791699916,0,10
450,4,10,-97,4.2107079454830516e-06,-53.76732709225898,130,26.006796330806182,-1000,-94.76732709225898,12.519602489683155,-1000,12.519602489683155,0,9
475,4,10,-97,4.144005878353996e-08,-74.58216917599525,137,7.206810262305282,-1000,-115.58216917599525,16.211325211188356,-1000,7.21275984569824,0,8
715,4,10,-97,5.730940094439613e-05,-42.42659275877341,267,26.903274026481498,-1000,-83.42659275877341,19.575765728301725,-1000,19.575765728301725,0,8
396,4,10,-97,2.415983642856424e-05,-46.31815477727925,135,14.56846122734769,-1000,-87.31815477727925,12.123774250981848,-1000,8.308262019436679,0,9
408,4,10,-97,2.8001620993396244e-05,-46.28705727154555,129,7.191092061695677,-1000,-87.28705727154555,17.223089595795333,-1000,5.568940918090251,0,8
440,4,10,-97,4.371595784169713e-06,-54.048824767381035,257,9.565984056170961,-1000,-95.04882476738103,11.451990345333924,-1000,9.996474182869328,0,11
933,4,10,-97,1.060606045982719e-06,-59.79850120593193,164,19.023464535006767,-1000,-100.79850120593193,10.336641010387071,-1000,10.336641010387071,0,2
480,4,10,-97,2.2029720426920906e-06,-56.598152332007345,259,21.85473085332994,-1000,-97.59815233200734,8.467645763978183,-1000,7.314152726447828,0,9
605,4,10,-97,7.136138706402606e-06,-51.473638726223,7,27.19783489343766,-1000,-92.473638726223,9.436104995483987,-1000,6.632820790800329,0,0
608,4,10,-97,9.697002083390706e-07,-60.177337141881594,135,19.9499589030235,-1000,-101.1773371418816,10.995986402271235,-1000,10.995986402271235,0,6
588,4,10,-97,8.160840721872526e-06,-51.03296903297648,17,14.532355988278567,-1000,-92.03296903297648,10.788569823440456,-1000,5.755148840277199,0,6
739,4,10,-97,0.0044070802616247105,-23.55853684624944,11,49.708368442337644,-1000,-64.55853684624944,15.6434683414292,-1000,15.6434683414292,0,10
940,4,10,-97,0.0027670624356053923,-25.580102111721544,18,41.72836529165646,-1000,-66.58010211172154,14.22901748909751,-1000,14.22901748909751,0,9
886,4,10,-97,1.4186210358921127e-06,-58.48572744552047,144,29.949617170862226,-1000,-99.48572744552047,17.79780029729059,-1000,17.79780029729059,0,9
909,4,10,-97,4.820115630302694e-06,-53.17449040392188,273,29.329540786516347,-1000,-94.17449040392188,19.623735198329477,-1000,19.623735198329477,0,9
508,4,10,-97,7.283406235876843e-07,-61.42344434664078,4,19.65292623805253,-1000,-102.42344434664078,9.418527551943374,-1000,9.418527551943374,0,5
630,4,10,-97,6.634408021670289e-07,-61.88468123626089,136,16.21055864509289,-1000,-102.88468123626089,11.259295345604992,-1000,11.259295345604992,0,2
732,4,10,-97,0.00010808507928128665,-39.662890361207815,11,38.99122427858913,-1000,-80.66289036120781,11.33673791757214,-1000,10.989360624070995,0,11
705,4,10,-97,3.165902359706127e-05,-45.27065916500749,266,11.83596398144148,-1000,-86.27065916500749,14.889551763772282,-1000,14.889551763772282,0,7
421,4,10,-97,5.668009096165295e-06,-53.513229438024,6,5.641868217300988,-1000,-94.513229438024,10.405150782387707,-1000,10.405150782387707,0,0
468,4,10,-97,3.1146906477639632e-06,-55.07302586018827,258,27.816006586745715,-1000,-96.07302586018827,15.757215805457292,-1000,12.121286674960222,0,8
659,4,10,-97,2.576320476797704e-06,-56.05808342918672,265,14.038311554294062,-1000,-97.05808342918672,12.690143273112533,-1000,12.690143273112533,0,6
744,4,10,-97,5.902636806728094e-05,-42.33785682870251,268,19.51262240294019,-1000,-83.33785682870251,20.276248189408918,-1000,20.276248189408918,0,9
864,4,10,-97,3.0995771035880513e-06,-55.14547601388533,16,18.676967604262643,-1000,-96.14547601388533,15.927390717301208,-1000,11.260051157288373,0,9
523,4,10,-97,2.3786767676293196e-07,-66.6315379364173,128,10.214114938634381,-1000,-107.6315379364173,8.512891344333003,-1000,6.320618421828746,0,9
594,4,10,-97,1.0332444149190542e-05,-49.86391676732461,7,28.63157446183989,-1000,-90.86391676732461,16.71737718914872,-1000,16.71737718914872,0,8
727,4,10,-97,6.96787090172413e-06,-51.58088019677939,267,25.623315312063497,-1000,-92.58088019677939,13.327385704890112,-1000,13.327385704890112,0,11
949,4,10,-97,7.289419963443672e-05,-43.05649568744761,146,3.2470366653165925,-1000,-84.05649568744761,11.665725581657105,-1000,11.665725581657105,0,11
596,4,10,-97,2.3259031556599985e-07,-66.3434313379756,135,26.666159301576613,-1000,-107.3434313379756,20.69632872724329,-1000,20.69632872724329,0,9
598,4,10,-97,8.580134652624047e-08,-70.7126849232404,7,19.575571088474774,-1000,-111.7126849232404,17.503270694989926,-1000,17.503270694989926,0,9
782,4,10,-97,1.8388001888809307e-05,-47.37601633931425,268,23.0707923905059,-1000,-88.37601633931425,14.183521370808613,-1000,7.779760244029536,0,9
908,4,10,-97,1.220536918670314e-07,-69.28757967059741,145,14.451637511326481,-1000,-110.28757967059741,8.205096230166404,-1000,6.196504455615682,0,8
925,4,10,-97,5.326615829155008e-07,-62.830892010903625,164,16.53430674897261,-1000,-103.83089201090363,9.673544142651702,-1000,9.673544142651702,0,4
457,4,10,-97,3.0158450683545824e-06,-57.88242251221365,2,0.6953802540247764,-1000,-98.88242251221365,9.751324462935461,-1000,8.233859707527664,0,2
487,4,10,-97,2.973443877005542e-06,-55.26947662645223,131,33.208543447667594,-1000,-96.26947662645223,15.865650990513137,-1000,15.865650990513137,0,10
533,4,10,-97,5.560746518788095e-08,-72.8332916961521,4,11.69205950552059,-1000,-113.8332916961521,9.822207085571648,-1000,6.612242744802035,0,4
570,4,10,-97,7.737574680409527e-05,-41.11424645632066,262,41.67957240971528,-1000,-82.11424645632066,13.05525519740964,-1000,13.05525519740964,0,7
740,4,10,-97,1.9423673865123345e-06,-57.11730757409046,11,38.44418294363652,-1000,-98.11730757409046,12.394501074388927,-1000,12.394501074388927,0,11
883,4,10,-97,8.239528570957131e-07,-61.50399933543396,32,7.826829098998687,-1000,-102.50399933543396,9.297969773086496,-1000,6.583155530054221,0,5
923,4,10,-97,1.9208321795159292e-05,-47.24757509152528,17,17.173619089240134,-1000,-88.24757509152528,10.332811367219769,-1000,6.5067808483381295,0,3
423,4,10,-97,4.787562552857155e-07,-63.29061693440265,1,16.705274233566215,-1000,-104.29061693440265,10.775098937879031,-1000,10.775098937879031,0,1
541,4,10,-97,3.1746831863572794e-05,-44.989191055888526,261,28.454349744599057,-1000,-85.98919105588853,20.175945017802132,-1000,20.175945017802132,0,9
546,4,10,-97,2.417400049478988e-06,-56.1889076995611,15,22.865525578685926,-1000,-97.1889076995611,13.734127275695002,-1000,13.734127275695002,0,9
941,4,10,-97,8.276615666992554e-07,-60.86186751142314,274,20.294310729223483,-1000,-101.86186751142314,11.523780943301844,-1000,3.5610171304687173,0,3
449,4,10,-97,2.290744746917883e-05,-46.43898365751188,258,20.475663379223036,-1000,-87.43898365751188,15.039469208077119,-1000,15.039469208077119,0,8
537,4,10,-97,3.1129844360022095e-06,-55.145503368074046,133,17.45887944451298,-1000,-96.14550336807405,11.00817565730489,-1000,0.7499768219744207,0,3
683,4,10,-97,2.1611401519524483e-06,-56.65548375809796,9,32.73477983419977,-1000,-97.65548375809796,16.324097463164676,-1000,16.324097463164676,0,7
699,4,10,-97,5.343798607139506e-06,-52.73009158358454,266,27.032397358577427,-1000,-93.73009158358454,11.075737381781043,-1000,11.075737381781043,0,1
818,4,10,-97,3.938003193748315e-06,-54.217098640089944,269,13.991743870040594,-1000,-95.21709864008994,17.124357090203475,-1000,17.124357090203475,0,8
832,4,10,-97,5.182838194411052e-07,-62.88533990235962,270,21.44641062418438,-1000,-103.88533990235962,13.911903699026006,-1000,13.911903699026006,0,8
929,4,10,-97,1.0022808802145827e-05,-50.178800084382246,164,13.525560870465817,-1000,-91.17880008438225,11.385592970464286,-1000,10.760634157799121,0,2
571,4,10,-97,5.436131293355983e-08,-72.87232773545259,16,12.738536282595192,-1000,-113.87232773545259,10.599400343593768,-1000,6.876326211963707,0,3
633,4,10,-97,0.008696064415444285,-20.606818759071828,136,49.72764070071284,-1000,-61.60681875907183,11.531316309796392,-1000,5.134824722558946,0,3
649,4,10,-97,1.5594796438178656e-06,-58.39758152016658,136,11.062622419630472,-1000,-99.39758152016658,11.418800777209789,-1000,-1.8346886496606203,0,3
653,4,10,-97,2.3218191243183995e-06,-56.41162177948249,136,17.897722492870884,-1000,-97.41162177948249,11.467767173042756,-1000,10.507318809970497,0,2
657,4,10,-97,4.153090796351634e-06,-53.82175449599811,9,28.996223660780913,-1000,-94.8217544959981,10.111241847340498,-1000,8.56495096445931,0,3
845,4,10,-97,8.52737376376224e-07,-62.947832955001445,31,1.6677666440583891,-1000,-103.94783295500145,8.480049120894463,-1000,4.200551984167676,0,8
888,4,10,-97,4.7867389485984005e-06,-53.20312837948609,144,30.903488219534324,-1000,-94.20312837948609,11.105495789142683,-1000,11.105495789142683,0,10
467,4,10,-97,0.0003147677195852687,-35.02012569734808,258,51.972757315563385,-1000,-76.02012569734808,17.05470063475873,-1000,17.05470063475873,0,7
552,4,10,-97,1.0297060011814996e-07,-69.88740235483624,5,24.74648510661075,-1000,-110.88740235483624,10.673790836810875,-1000,10.673790836810875,0,7
619,4,10,-97,1.8502308598667334e-06,-57.88517287800373,189,8.634226711376456,-1000,-98.88517287800373,12.896339354038151,-1000,6.421086873203511,0,8
560,4,10,-97,0.00017638490809980694,-37.54360073356227,133,27.227677795023084,-1000,-78.54360073356227,10.703307995197815,-1000,9.109239792886108,0,4
872,4,10,-97,1.3535472889182895e-07,-68.7001810704664,16,24.634033133774167,-1000,-109.7001810704664,15.7030942028439,-1000,15.7030942028439,0,7
874,4,10,-97,2.349591989444565e-05,-46.290401113526784,16,41.25027444161071,-1000,-87.29040111352678,20.729475818177917,-1000,20.729475818177917,0,8
871,4,10,-97,1.8854040097988135e-05,-47.25067740553263,144,29.634526317362116,-1000,-88.25067740553263,11.099688165623839,-1000,10.41657937403188,0,3
612,4,10,-97,1.799250955625667e-06,-57.4510719061594,263,33.3897879544586,-1000,-98.4510719061594,13.096052145412735,-1000,13.096052145412735,0,7
686,4,10,-97,3.446591450621587e-06,-54.62944677505365,138,31.132418370370885,-1000,-95.62944677505365,13.158643151896097,-1000,12.818684927979056,0,8
772,4,10,-97,4.117734192751766e-06,-55.020547272514634,268,5.110023104521154,-1000,-96.02054727251463,8.720318067787716,-1000,8.720318067787716,0,0
461,4,10,-97,2.0805605721805118e-07,-68.39587398944653,130,3.5849674606132282,-1000,-109.39587398944653,7.938016386990832,-1000,6.236415039191985,0,0
738,4,10,-97,3.511541509943087e-05,-44.582441083657685,139,20.628180988735977,-1000,-85.58244108365768,13.632226721080041,-1000,13.632226721080041,0,7
811,4,10,-97,1.9104580447495555e-07,-67.20537906222339,30,24.128250044293765,-1000,-108.20537906222339,11.13442370443855,-1000,11.13442370443855,0,8
707,4,10,-97,7.921712791884297e-07,-61.0677836930935,138,18.869914231474496,-1000,-102.0677836930935,10.665599703026484,-1000,10.665599703026484,0,4
773,4,10,-97,1.823282731602175e-07,-67.61403465271539,282,12.791319709496747,-1000,-108.61403465271539,8.272756309249255,-1000,3.1774939335315397,0,9
407,4,10,-97,2.2729098767569893e-05,-46.435492396707474,256,35.18939791620376,-1000,-87.43549239670747,15.026771844175137,-1000,15.026771844175137,0,9
427,4,10,-97,1.4043247630877124e-06,-58.67559970566347,1,14.53361435896776,-1000,-99.67559970566347,21.168478108205917,-1000,21.168478108205917,0,9
638,4,10,-97,1.133199864388016e-05,-49.46526967536579,136,27.164715850406864,-1000,-90.46526967536579,13.909996233259193,-1000,13.909996233259193,0,6
568,4,10,-97,1.3307408321663048e-05,-48.88169276644584,134,15.430502926337198,-1000,-89.88169276644584,10.861536180581282,-1000,3.811816315774146,0,2
583,4,10,-97,4.398686616542951e-05,-43.56712675760163,6,40.85127143319532,-1000,-84.56712675760163,10.890928743955342,-1000,8.279747926110206,0,2
816,4,10,-97,3.052963520226937e-05,-45.154842807067,142,33.24034158322908,-1000,-86.154842807067,20.753974127250657,-1000,20.753974127250657,0,8
722,4,10,-97,1.0689661689010564e-06,-59.72536803921608,11,24.60721132930138,-1000,-100.72536803921608,13.886153627459409,-1000,13.886153627459409,0,6
726,4,10,-97,4.687559066873337e-07,-63.40698859521012,139,15.65786149429313,-1000,-104.40698859521012,11.165104969854701,-1000,7.454633384780953,0,3
741,4,10,-97,1.127526356955541e-05,-49.48851413674183,139,26.469046330518225,-1000,-90.48851413674183,18.508781273520782,-1000,18.508781273520782,0,10
742,4,10,-97,0.0002300531349267053,-36.38181159110394,139,46.68602923981333,-1000,-77.38181159110394,17.388743623804473,-1000,17.388743623804473,0,8
784,4,10,-97,5.161700020809599e-06,-52.90609844564034,269,21.04270247744195,-1000,-93.90609844564034,12.890465072482321,-1000,12.890465072482321,0,6
386,4,10,-97,1.6325336594333412e-07,-68.08917237692756,129,12.888035606171513,-1000,-109.08917237692756,10.82932351749919,-1000,9.091429910946179,0,9
567,4,10,-97,7.875185266983048e-06,-51.070800686626626,134,21.122560733940816,-1000,-92.07080068662663,11.22766703890429,-1000,11.22766703890429,0,3
611,4,10,-97,1.6977017034535668e-05,-47.797758385751024,263,16.490048809496272,-1000,-88.79775838575102,14.55206773109566,-1000,14.55206773109566,0,8
755,4,10,-97,4.013508150241547e-05,-43.965267601900706,13,39.30960649911704,-1000,-84.9652676019007,14.77109759566634,-1000,11.692143887202336,0,7
914,4,10,-97,2.3313283748164244e-06,-56.431536757615376,145,16.006984189523223,-1000,-97.43153675761538,16.743629953555725,-1000,16.743629953555725,0,10
443,4,10,-97,2.4669249913792105e-05,-46.4110228272439,129,10.991499833011012,-1000,-87.4110228272439,11.472162482462632,-1000,9.157387845817816,0,3
499,4,10,-97,8.028370287486112e-06,-51.00514820152564,3,19.240604256632068,-1000,-92.00514820152564,15.876036143952506,-1000,15.876036143952506,0,9
665,4,10,-97,0.00037802326273154334,-34.232945751298985,137,27.27233025879555,-1000,-75.23294575129898,15.779157492385448,-1000,11.082153250524641,0,9
825,4,10,-97,2.0526508785479122e-07,-68.27241215930563,133,4.213897562585586,-1000,-109.27241215930563,8.192788304686845,-1000,6.9096405037376005,0,9
894,4,10,-97,1.5898404467864328e-05,-47.98738099207229,273,36.75649678352996,-1000,-88.98738099207229,18.728672637225465,-1000,18.728672637225465,0,7
907,4,10,-97,2.280546989514034e-05,-46.41969656537549,273,46.99178986628765,-1000,-87.41969656537549,21.039094724821013,-1000,21.039094724821013,0,8
429,4,10,-97,5.40476944229561e-06,-52.67281310465158,129,38.70725937304178,-1000,-93.67281310465158,10.811734233052205,-1000,8.399227137579135,0,2
447,4,10,-97,5.6587130266686415e-08,-72.6483860732977,2,13.845441720776464,-1000,-113.6483860732977,13.749265476647135,-1000,13.749265476647135,0,9
790,4,10,-97,4.214506464126943e-05,-43.75716145096371,269,29.720944021764836,-1000,-84.75716145096371,15.073641191092657,-1000,15.073641191092657,0,9
639,4,10,-97,2.283685120490544e-06,-56.46267547926263,136,19.448000131766108,-1000,-97.46267547926263,14.800336385299158,-1000,14.800336385299158,0,10
817,4,10,-97,7.562839947163301e-06,-51.294645242646965,14,17.225757887146855,-1000,-92.29464524264696,13.705288551272732,-1000,13.705288551272732,0,7
878,4,10,-97,1.1284280736245383e-07,-69.49253776749319,16,23.994621754399148,-1000,-110.49253776749319,9.533974718487917,-1000,9.533974718487917,0,0
793,4,10,-97,2.599427372744431e-05,-45.85290124811024,141,34.1287561140821,-1000,-86.85290124811024,13.991410761762877,-1000,13.991410761762877,0,6
795,4,10,-97,2.986073628490719e-06,-55.484304191295735,13,12.543266103880612,-1000,-96.48430419129573,14.343705877559907,-1000,13.944794846966303,0,8
417,4,10,-97,5.6216382985533924e-05,-42.501781888323364,129,40.24047803217641,-1000,-83.50178188832336,18.618422547884443,-1000,18.618422547884443,0,8
478,4,10,-97,5.2636268616703895e-05,-42.788777027266406,131,34.26055705209792,-1000,-83.7887770272664,18.673859310011174,-1000,18.673859310011174,0,8
551,4,10,-97,4.152415904773999e-06,-53.94090948527247,5,15.384394842378839,-1000,-94.94090948527247,17.16549969481545,-1000,17.16549969481545,0,8
681,4,10,-97,0.0004855179980063839,-33.22773839456423,137,16.800506423628235,-1000,-74.22773839456423,16.448572228875097,-1000,10.134443208717611,0,9
922,4,10,-97,2.3592651108713017e-07,-66.81113004924663,33,8.790546779831246,-1000,-107.81113004924663,9.814862210184348,-1000,9.814862210184348,0,5
934,4,10,-97,5.1208128483609165e-08,-74.65498191481322,18,3.0480340479248866,-1000,-115.65498191481322,8.27898004772858,-1000,-0.7665261126244197,0,9
943,4,10,-97,6.508917044289421e-05,-41.912847446423584,274,19.54734340952536,-1000,-82.91284744642358,17.228182505302115,-1000,17.228182505302115,0,7
388,4,10,-97,0.00019264080128392284,-37.152688354893,0,44.04487513811386,-1000,-78.152688354893,18.089677323749054,-1000,18.089677323749054,0,8
420,4,10,-97,0.0026889187698031477,-25.71627813765646,129,25.56015476983218,-1000,-66.71627813765646,18.609226507393014,-1000,18.609226507393014,0,8
542,4,10,-97,3.574978046488476e-07,-65.18876260527728,133,7.429760115803774,-1000,-106.18876260527728,11.518416242381843,-1000,11.166889334178046,0,8
718,4,10,-97,7.773647019403509e-07,-61.10408169430167,12,26.231732727682818,-1000,-102.10408169430167,18.523804045186278,-1000,13.525669489601153,0,7
910,4,10,-97,0.00012049871873940545,-39.251753320986836,33,18.452789507734998,-1000,-80.25175332098684,15.314700680887386,-1000,13.92383331067822,0,10
920,4,10,-97,1.5798606848170683e-08,-78.1237430833761,163,15.911559864670863,-1000,-119.1237430833761,11.399206290409492,-1000,11.399206290409492,0,3
425,4,10,-97,1.2240168016327755e-05,-49.128761694838914,1,28.15579668139702,-1000,-90.12876169483891,10.91984848531212,-1000,10.91984848531212,0,3
430,4,10,-97,5.4323314394813055e-05,-42.65482384428407,1,29.66707046066611,-1000,-83.65482384428407,10.945640957398526,-1000,10.668669168898225,0,2
453,4,10,-97,2.4132347635807995e-06,-56.17601872783878,0,33.33525683521914,-1000,-97.17601872783878,13.343947647213634,-1000,11.407171079103946,0,6
401,4,10,-97,2.5968844879506452e-08,-76.46372663268579,15,8.229325396239204,-1000,-117.46372663268579,12.584158418579541,-1000,8.607511890680428,0,9
563,4,10,-97,1.0669347742777762e-06,-59.7553637131129,134,20.707781974736548,-1000,-100.7553637131129,8.186584935079436,-1000,7.428870753263326,0,9
387,4,10,-97,4.29618956485672e-08,-73.94867759094912,256,11.773333805827448,-1000,-114.94867759094912,10.545044869228628,-1000,10.545044869228628,0,3
893,4,10,-97,2.3187380871634447e-08,-77.8104125736006,16,3.9736307155289694,-1000,-118.8104125736006,11.377515473517176,-1000,9.866461992749262,0,3
674,4,10,-97,4.4503257197443126e-08,-73.95338099718592,265,9.749574458850205,-1000,-114.95338099718592,10.710990570242679,-1000,10.710990570242679,0,3
706,4,10,-97,2.105668840492703e-08,-77.25059618543297,138,9.28043286483117,-1000,-118.25059618543297,12.318472576029336,-1000,12.318472576029336,0,7
857,4,10,-97,8.870535742607779e-05,-40.53125637783742,143,26.05640909140743,-1000,-81.53125637783742,18.342923756989336,-1000,11.76226957271423,0,8
906,4,10,-97,0.0026437144524903014,-25.77900322416771,17,35.7752921190433,-1000,-66.77900322416771,21.214531242848295,-1000,21.214531242848295,0,9
434,4,10,-97,0.002895881479795768,-25.39841040027588,129,24.269695644424857,-1000,-66.39841040027588,20.842174005517606,-1000,20.842174005517606,0,9
517,4,10,-97,1.8497050815430556e-07,-68.00792925886269,31,7.715539750060131,-1000,-109.00792925886269,11.359182351264215,-1000,5.633195454601918,0,3
641,4,10,-97,0.0002097807668983322,-37.066410550161294,136,11.700823854601246,-1000,-78.0664105501613,15.778831853446382,-1000,15.778831853446382,0,9
646,4,10,-97,1.8768842505689105e-06,-57.268246619997726,8,32.19099973366433,-1000,-98.26824661999773,20.359772480493934,-1000,20.359772480493934,0,8
813,4,10,-97,6.333437409017798e-07,-61.99007536198499,270,28.26543636532986,-1000,-102.99007536198499,10.968611667023783,-1000,10.968611667023783,0,4
877,4,10,-97,3.1320988176545587e-07,-65.56598415740335,32,8.916917119619939,-1000,-106.56598415740335,14.752469384941245,-1000,10.500398320471373,0,10
946,4,10,-97,4.915811043713564e-07,-63.12246743697624,274,20.513130938766423,-1000,-104.12246743697624,18.070648170766358,-1000,18.070648170766358,0,7
459,4,10,-97,1.5288200169462748e-05,-48.15805716713385,2,34.27981759530233,-1000,-89.15805716713385,19.869143182116012,-1000,19.869143182116012,0,9
562,4,10,-97,1.1551698241038024e-05,-49.387617213899205,261,24.88614377617796,-1000,-90.3876172138992,20.360780564506005,-1000,20.360780564506005,0,8
565,4,10,-97,1.7675896945073054e-05,-47.529422112450206,146,31.27517204284493,-1000,-88.5294221124502,14.849884977616279,-1000,9.90705585194312,0,10
807,4,10,-97,2.1262949637036793e-06,-56.760903361619896,30,20.661020929222587,-1000,-97.7609033616199,8.438767670955245,-1000,6.893546404550705,0,8
858,4,10,-97,1.0122587907051085e-07,-70.91082117596923,15,6.04748331730616,-1000,-111.91082117596923,17.308902902992187,-1000,17.308902902992187,0,8
876,4,10,-97,6.590926104671394e-07,-61.8486043914867,144,20.553101049123384,-1000,-102.8486043914867,18.65677371374113,-1000,18.65677371374113,0,7
913,4,10,-97,0.00011819048882482168,-39.27447145567902,17,41.65387205855703,-1000,-80.27447145567902,15.388022279045524,-1000,15.388022279045524,0,10
947,4,10,-97,8.259721735673415e-08,-70.86715393443569,6,20.699992147302297,-1000,-111.86715393443569,16.814228012762815,-1000,6.063765080403593,0,8
476,4,10,-97,2.8580921123255823e-07,-68.3704946084783,267,0.15955159225039495,-1000,-109.3704946084783,8.463450648251076,-1000,6.628559959188436,0,8
481,4,10,-97,5.105182794740408e-07,-62.92672579032683,131,28.024649909040676,-1000,-103.92672579032683,10.439109331632281,-1000,10.439109331632281,0,3
701,4,10,-97,0.00015012143854562304,-38.23565337393971,10,47.31725420033199,-1000,-79.23565337393971,15.974776464519152,-1000,15.974776464519152,0,9
645,4,10,-97,2.7305267687586244e-06,-55.74885700901888,264,15.85627715895906,-1000,-96.74885700901888,13.680722295890682,-1000,13.680722295890682,0,11
703,4,10,-97,4.46846157880735e-08,-73.54904406561148,11,19.308912049885038,-1000,-114.54904406561148,10.466853311752466,-1000,2.470583130038912,0,3
728,4,10,-97,2.2850681266170298e-05,-46.413505128965284,11,32.40300983732084,-1000,-87.41350512896528,19.105020786070533,-1000,19.105020786070533,0,8
759,4,10,-97,5.297559846661546e-05,-42.76457766400782,140,29.102706792232908,-1000,-83.76457766400782,20.746124879121005,-1000,20.746124879121005,0,8
763,4,10,-97,3.1882273825382585e-09,-86.49368211488562,329,3.74627226311884,-1000,-127.49368211488562,7.708908365619783,-1000,4.146683544605377,0,8
625,4,10,-97,7.88408959343407e-06,-51.230532065782484,264,13.3107477422691,-1000,-92.23053206578248,15.432884701261866,-1000,12.425895192759665,0,8
627,4,10,-97,0.0008768444333842627,-30.573530200871957,136,31.974156743225663,-1000,-71.57353020087196,15.51530804941602,-1000,15.51530804941602,0,8
637,4,10,-97,2.993500088921699e-07,-65.25158018486316,8,25.10888639354644,-1000,-106.25158018486316,15.426832043256866,-1000,13.376895990089256,0,8
928,4,10,-97,8.739359887569475e-06,-50.58637656113633,18,35.68501297076541,-1000,-91.58637656113633,13.991711966744203,-1000,4.700841218686735,0,11
432,4,10,-97,2.0066002258316013e-07,-67.11759573252034,258,14.777419651095968,-1000,-108.11759573252034,8.110829280792421,-1000,7.139741128005533,0,9
662,4,10,-97,2.928000234135556e-06,-55.440711906733014,9,16.054168893413078,-1000,-96.44071190673301,16.721714845006584,-1000,12.729490620552365,0,9
690,4,10,-97,0.00020254812259375908,-36.943571250484496,266,26.90227975038342,-1000,-77.9435712504845,11.176439267893336,-1000,1.204021753218914,0,2
781,4,10,-97,7.180867097948487e-06,-53.57290244870731,29,1.9735663134362156,-1000,-94.57290244870731,11.978068201597978,-1000,9.229297321350666,0,8
850,4,10,-97,1.4656443953436867e-05,-48.34705395562486,143,27.717169630961095,-1000,-89.34705395562486,19.341349385081852,-1000,19.341349385081852,0,8
490,4,10,-97,2.2737701751704963e-05,-46.664096575344985,259,12.6148703082983,-1000,-87.66409657534498,11.640279820984542,-1000,11.444418480420495,0,7
624,4,10,-97,0.00012923243449680237,-38.88940950910607,265,31.428105538328303,-1000,-79.88940950910607,15.309790289030971,-1000,15.309790289030971,0,8
663,4,10,-97,4.3220897818086996e-05,-43.64328619600056,137,42.874525165123146,-1000,-84.64328619600056,14.577019759601018,-1000,14.577019759601018,0,7
677,4,10,-97,7.46404366462008e-05,-41.270283353592305,9,52.38676232729394,-1000,-82.2702833535923,17.069727030082074,-1000,17.069727030082074,0,10
704,4,10,-97,4.791830661465016e-07,-63.33785508306424,137,14.756810973554607,-1000,-104.33785508306424,9.101220280382197,-1000,9.101220280382197,0,3
931,4,10,-97,2.136878436703407e-07,-66.91553806303705,6,12.980092213431192,-1000,-107.91553806303705,17.94647923855623,-1000,7.112670060625529,0,7
489,4,10,-97,2.4450343219027653e-05,-46.14880728378024,12,21.357323625412647,-1000,-87.14880728378024,12.380902049604291,-1000,9.636200702741892,0,8
587,4,10,-97,2.798873469843032e-06,-55.55795507254905,6,21.925411474702273,-1000,-96.55795507254905,11.389531781942441,-1000,11.389531781942441,0,7
622,4,10,-97,2.3812048291656945e-07,-66.32867789044342,164,16.477617246109645,-1000,-107.32867789044342,13.601300395836098,-1000,4.845118039611605,0,8
822,4,10,-97,7.623720985346817e-06,-51.20402625249773,14,22.266301735084213,-1000,-92.20402625249773,10.460011076098066,-1000,9.411993047254265,0,2
869,4,10,-97,2.289491836141854e-06,-56.40787239188475,144,29.162560183569113,-1000,-97.40787239188475,14.918412072745893,-1000,14.918412072745893,0,10
897,4,10,-97,0.0010265731108946925,-30.038619656281526,145,14.468135378005911,-1000,-71.03861965628153,13.236776841436301,-1000,13.236776841436301,0,11
495,4,10,-97,3.80126826277587e-07,-64.25246978549217,3,19.212418282288255,-1000,-105.25246978549217,10.605774522530023,-1000,6.108630671977173,0,2
569,4,10,-97,1.657544661960957e-07,-68.14639473059643,146,10.878059798057848,-1000,-109.14639473059643,8.729006720456022,-1000,8.729006720456022,0,0
602,4,10,-97,5.442771527303483e-07,-62.65448669582007,36,25.337655733390477,-1000,-103.65448669582007,12.468319483145596,-1000,4.392344539362449,0,10
833,4,10,-97,1.3166447326185625e-05,-48.81940341204512,14,24.881849169297766,-1000,-89.81940341204512,9.86682274591444,-1000,8.435567870175174,0,1
890,4,10,-97,6.426285962327633e-06,-51.93638126536348,272,24.333609763788644,-1000,-92.93638126536348,14.430365668462226,-1000,12.403489910475194,0,8
405,4,10,-97,4.5234200857605775e-08,-75.6731614872896,259,1.7375921400693528,-1000,-116.6731614872896,9.571700330735684,-1000,3.3333927138053583,0,0
745,4,10,-97,3.130152361950853e-05,-45.04464642113631,268,41.58918521518092,-1000,-86.0446464211363,18.19421025969867,-1000,18.19421025969867,0,8
774,4,10,-97,7.2350399030978516e-06,-51.416336274629145,141,26.06016990983595,-1000,-92.41633627462915,20.43377672909478,-1000,20.43377672909478,0,9
540,4,10,-97,0.00023035831352374956,-36.4438499293789,133,18.025871049473103,-1000,-77.4438499293789,15.347313768581397,-1000,15.347313768581397,0,10
579,4,10,-97,9.177480903470514e-06,-50.37531398640503,6,32.31307239313297,-1000,-91.37531398640503,14.987855612077228,-1000,14.987855612077228,0,7
688,4,10,-97,2.270950688488843e-07,-67.04533223851907,280,8.235785123835413,-1000,-108.04533223851907,11.246638031445729,-1000,10.38700229276379,0,6
394,4,10,-97,0.00010414720070475908,-39.829011071947605,129,28.98168195437131,-1000,-80.8290110719476,11.340175680366595,-1000,11.340175680366595,0,2
672,4,10,-97,1.7638830333773882e-05,-47.536126394721194,265,37.216984525022696,-1000,-88.5361263947212,20.625558589768914,-1000,20.625558589768914,0,8
880,4,10,-97,6.832397070473948e-07,-61.66211650162485,144,27.426616805377165,-1000,-102.66211650162485,9.413247614092661,-1000,9.413247614092661,0,8
590,4,10,-97,1.024205140184314e-06,-60.60738033405357,6,7.497143996360293,-1000,-101.60738033405357,10.456495382708578,-1000,7.6988056676258,0,5
805,4,10,-97,1.6105443634157143e-05,-47.93416465278571,270,30.474643105240446,-1000,-88.93416465278571,17.74225404910947,-1000,17.74225404910947,0,7
868,4,10,-97,2.427266732753959e-07,-66.41843019238104,261,11.935060045620418,-1000,-107.41843019238104,13.229160999616079,-1000,8.561607952568275,0,10
586,4,10,-97,4.3660765397483434e-07,-63.655133792021616,146,18.864246994098522,-1000,-104.65513379202162,10.32267386469841,-1000,10.32267386469841,0,0
737,4,10,-97,1.2350182308497475e-07,-69.19376197676065,267,15.889025862685088,-1000,-110.19376197676065,10.454444074187803,-1000,10.454444074187803,0,3
937,4,10,-97,0.0005414862634792124,-32.66452346544838,18,40.37986269236728,-1000,-73.66452346544838,11.451576676245157,-1000,2.0289156002154405,0,2
463,4,10,-97,2.972515989156197e-06,-55.26938797537642,258,38.384336087411924,-1000,-96.26938797537642,13.381404188165956,-1000,13.381404188165956,0,10
545,4,10,-97,2.505641723241865e-05,-46.08990239826136,5,17.356904862879247,-1000,-87.08990239826136,11.55654735638608,-1000,11.55654735638608,0,9
702,4,10,-97,3.966170845484015e-06,-54.29117137237891,10,11.848156298271917,-1000,-95.29117137237891,10.765622773337805,-1000,10.765622773337805,0,11
826,4,10,-97,2.444697142084313e-07,-66.19887925175983,142,17.245405608460644,-1000,-107.19887925175983,10.643385189460922,-1000,10.643385189460922,0,1
623,4,10,-97,7.51731739849873e-06,-51.24186586835704,263,32.40633607846314,-1000,-92.24186586835704,16.45124369898551,-1000,16.45124369898551,0,8
856,4,10,-97,0.0004649874891730523,-33.328348504929735,271,31.965506907085896,-1000,-74.32834850492974,12.730132079895174,-1000,12.730132079895174,0,8
911,4,10,-97,4.7480731119069426e-05,-43.23495337088988,273,45.327862248100274,-1000,-84.23495337088988,16.22052296715921,-1000,16.22052296715921,0,7
870,4,10,-97,4.4648117321356775e-06,-53.80937695507757,272,11.346074095016078,-1000,-94.80937695507757,14.46927910870451,-1000,14.077445753697612,0,9
903,4,10,-97,1.0662568075344556e-05,-49.80046737998963,145,17.357268970077484,-1000,-90.80046737998963,11.706034297482912,-1000,11.706034297482912,0,4
384,4,10,-97,1.0806231972397975e-05,-49.70421865923731,0,20.23358558689081,-1000,-90.70421865923731,18.035764629752542,-1000,18.035764629752542,0,10
768,4,10,-97,1.3415068996590595e-07,-68.84088203001787,282,15.644464128412437,-1000,-109.84088203001787,18.467742193014452,-1000,9.583461201219901,0,9
819,4,10,-97,0.0004082233542178948,-33.89192025564991,142,36.84113095050954,-1000,-74.89192025564991,17.539840813495005,-1000,17.539840813495005,0,8
544,4,10,-97,1.332420626841665e-07,-68.83138727553379,5,17.42904693103867,-1000,-109.83138727553379,16.598279146089517,-1000,16.598279146089517,0,7
631,4,10,-97,4.227434948685601e-05,-43.74000131541554,264,37.50888674588849,-1000,-84.74000131541554,17.755823313903818,-1000,17.755823313903818,0,9
668,4,10,-97,8.570927368631086e-07,-61.27322008297223,149,8.26584027277066,-1000,-102.27322008297223,8.47517865816008,-1000,6.365264259728686,0,8
769,4,10,-97,3.949467704589065e-05,-44.03598663290617,12,35.00266082163998,-1000,-85.03598663290617,10.372575293774752,-1000,-9.081673678198433,0,3
400,4,10,-97,9.71622878862811e-06,-50.16877207884397,256,19.94622854178762,-1000,-91.16877207884397,11.251198419225625,-1000,5.322708577179786,0,2
458,4,10,-97,1.7186087390031396e-07,-68.61043699137531,258,6.055174742734636,-1000,-109.61043699137531,9.666893328740986,-1000,8.370097766014654,0,4
479,4,10,-97,3.5026172847281954e-07,-64.5639700325888,3,27.39932900163032,-1000,-105.5639700325888,12.811930612052038,-1000,12.811930612052038,0,7
580,4,10,-97,1.328038186917726e-06,-60.6562690243218,262,2.6386157155697703,-1000,-101.6562690243218,10.767659232811997,-1000,10.109383134499405,0,9
634,4,10,-97,6.618913989987046e-07,-62.38260810392005,258,8.36724211321247,-1000,-103.38260810392005,13.745048788107868,-1000,7.22748722328129,0,9
786,4,10,-97,1.254544923281183e-07,-69.42425247598064,283,10.053229788836333,-1000,-110.42425247598064,8.378915052512246,-1000,7.130770728834812,0,9
787,4,10,-97,8.205202183545447e-06,-51.21973659485877,29,10.625668639326008,-1000,-92.21973659485877,13.794440766014787,-1000,13.794440766014787,0,8
391,4,10,-97,3.910449881851934e-06,-54.081801359436454,256,30.281357821794202,-1000,-95.08180135943645,14.78994954335787,-1000,14.78994954335787,0,8
454,4,10,-97,0.0006981367929272701,-31.563626535791286,258,31.559318722325443,-1000,-72.56362653579129,14.65140998097847,-1000,14.65140998097847,0,8
558,4,10,-97,5.439814867150795e-08,-72.69686436607176,134,19.13289915993093,-1000,-113.69686436607176,10.376284545676626,-1000,10.376284545676626,0,1
729,4,10,-97,4.461630179389513e-07,-64.04200204065882,139,8.807369356729993,-1000,-105.04200204065882,8.752476793026931,-1000,8.752476793026931,0,1
501,4,10,-97,1.661793144038889e-06,-57.812724056973806,4,23.69835821414422,-1000,-98.8127240569738,13.770155009545668,-1000,8.447797970230228,0,8
647,4,10,-97,1.4203515428223734e-05,-48.56975512669577,136,16.612875830696794,-1000,-89.56975512669577,20.27719881233439,-1000,20.27719881233439,0,9
695,4,10,-97,8.53878948755576e-08,-70.71763356953785,280,21.365626619148117,-1000,-111.71763356953785,17.339272611148303,-1000,8.06487188330877,0,9
721,4,10,-97,1.0056786878584108e-06,-60.00509579406207,267,21.637142858608257,-1000,-101.00509579406207,12.488040355997473,-1000,12.488040355997473,0,8
783,4,10,-97,2.4659894653795876e-05,-46.1110195817154,141,21.458322940933613,-1000,-87.1110195817154,19.80718664609982,-1000,19.80718664609982,0,8
520,4,10,-97,1.2514533695346677e-06,-59.065453411028784,132,20.381061797628433,-1000,-100.06545341102878,10.0864480900409,-1000,2.3912995342674668,0,2
606,4,10,-97,0.0016021395079823652,-28.028058039314644,263,17.586095270621314,-1000,-69.02805803931464,13.857911332828204,-1000,13.857911332828204,0,10
679,4,10,-97,8.150913325561332e-06,-51.20071085385946,265,11.268216843981826,-1000,-92.20071085385946,12.08126032128467,-1000,12.08126032128467,0,10
734,4,10,-97,5.600531546502032e-06,-52.52000187843396,267,32.770085953406124,-1000,-93.52000187843396,19.067679846670565,-1000,19.067679846670565,0,9
953,4,10,-97,4.171908385353993e-07,-63.82173733005456,18,22.371160804329634,-1000,-104.82173733005456,9.727480487100815,-1000,9.727480487100815,0,0
397,4,10,-97,1.9325150999632395e-06,-57.145295899876174,128,28.228868238674835,-1000,-98.14529589987617,14.235397846989564,-1000,14.235397846989564,0,7
403,4,10,-97,2.3210355772280112e-07,-66.49466357397318,0,14.498284830217841,-1000,-107.49466357397318,17.264758684689856,-1000,17.264758684689856,0,9
462,4,10,-97,1.3737032119368e-05,-48.624456305016935,1,31.079996505750252,-1000,-89.62445630501693,15.603242666915182,-1000,10.0846757416915,0,9
848,4,10,-97,3.354914076121462e-07,-64.86398497156262,271,15.496670609707422,-1000,-105.86398497156262,17.168488270681905,-1000,17.168488270681905,0,9
885,4,10,-97,8.199148340681065e-06,-51.03534045876768,16,13.909880638840576,-1000,-92.03534045876768,8.200206444587876,-1000,6.915994594311956,0,8
682,4,10,-97,1.6402712789616017e-07,-67.88459622308042,149,21.077828268495537,-1000,-108.88459622308042,10.372345759168123,-1000,6.556719628403754,0,9
426,4,10,-97,3.8992125248586805e-06,-54.1143043894259,6,22.550416031025506,-1000,-95.1143043894259,10.935989393299169,-1000,10.935989393299169,0,1
456,4,10,-97,2.1274868286756913e-07,-68.29325212868001,136,3.6038950997225214,-1000,-109.29325212868001,12.570352275046936,-1000,9.199669648240326,0,9
515,4,10,-97,6.370596620017316e-06,-51.97475249497964,132,24.18064872066239,-1000,-92.97475249497964,16.71694164209388,-1000,16.71694164209388,0,10
654,4,10,-97,1.3691677588430043e-05,-48.654347979513645,265,23.600406687066922,-1000,-89.65434797951364,9.919969425426999,-1000,9.919969425426999,0,8
691,4,10,-97,2.466475131179444e-06,-56.11785990622084,280,20.48956985470069,-1000,-97.11785990622084,9.204267411351694,-1000,9.204267411351694,0,5
836,4,10,-97,0.00014762418799100244,-38.541691446147155,143,12.582160961742915,-1000,-79.54169144614715,14.612199551401169,-1000,14.612199551401169,0,10
801,4,10,-97,9.922561620377078e-07,-60.09600677562757,269,18.405651254967694,-1000,-101.09600677562757,9.506256607551947,-1000,8.808641127278104,0,1
644,4,10,-97,5.80258655160757e-06,-52.36868830479017,264,29.469375830499757,-1000,-93.36868830479017,15.303124779048296,-1000,15.303124779048296,0,7
652,4,10,-97,3.395492493043107e-06,-54.694274185409995,136,31.18851104429681,-1000,-95.69427418541,17.51751727230299,-1000,17.51751727230299,0,7
777,4,10,-97,1.773791387757535e-05,-47.54631947570532,141,20.876891698471262,-1000,-88.54631947570532,17.457678455466983,-1000,17.457678455466983,0,10
735,4,10,-97,1.5451232818172285e-06,-59.12546155602422,152,5.795357261878216,-1000,-100.12546155602422,18.743746228833928,-1000,7.703236412625058,0,9
792,4,10,-97,7.4087434623279206e-06,-51.35226541018561,269,19.38844063657408,-1000,-92.35226541018561,12.568845168703131,-1000,9.355730697585019,0,6
692,4,10,-97,9.104863033173134e-06,-50.416056861957685,266,26.933048390736786,-1000,-91.41605686195768,20.333299589459713,-1000,20.333299589459713,0,9
948,4,10,-97,1.366301192868701e-05,-48.65594795382947,274,25.798354818646786,-1000,-89.65594795382947,11.09661582431151,-1000,9.373488389898823,0,3
471,4,10,-97,1.1047544221098064e-06,-59.77801511875134,130,13.036000348773925,-1000,-100.77801511875134,10.321020408649936,-1000,10.321020408649936,0,10
511,4,10,-97,1.3837474857460366e-05,-48.58977300607239,132,41.04435206319734,-1000,-89.58977300607239,19.161743386279518,-1000,19.161743386279518,0,9
616,4,10,-97,1.41460687676363e-07,-68.7494659669664,135,12.169897086033586,-1000,-109.7494659669664,8.492182780872346,-1000,1.889979758715794,0,9
814,4,10,-97,1.4459985565492573e-06,-58.56682088523753,270,14.027335342689085,-1000,-99.56682088523753,17.89706525524608,-1000,12.185775493564716,0,8
838,4,10,-97,1.1864474680236737e-06,-59.5750784182423,270,11.19978726991971,-1000,-100.5750784182423,10.434196997694364,-1000,7.687186798051064,0,5
952,4,10,-97,5.81580599511525e-07,-62.70723494737268,274,10.718123394838827,-1000,-103.70723494737268,9.207860215538496,-1000,9.207860215538496,0,5
414,4,10,-97,5.597818634900563e-05,-42.743503014718115,257,12.769027463848232,-1000,-83.74350301471812,17.131271611128824,-1000,-3.028537308295334,0,8
498,4,10,-97,4.1649628900921857e-07,-63.8296275171398,3,22.259071033435745,-1000,-104.8296275171398,15.011484500054234,-1000,15.011484500054234,0,9
756,4,10,-97,2.121701314255271e-06,-56.85659773149749,268,15.40141117478855,-1000,-97.85659773149749,18.10989613578178,-1000,18.10989613578178,0,9
796,4,10,-97,6.463782928965838e-08,-72.36052189072937,269,9.464904565307805,-1000,-113.36052189072937,9.455452729124701,-1000,8.718111980769956,0,0
840,4,10,-97,2.2469879003241906e-08,-76.85380014117284,143,10.51187048100968,-1000,-117.85380014117284,15.997298750284198,-1000,12.699633661209615,0,8
680,4,10,-97,0.000259311740613054,-35.924104418969534,2,18.39993467340434,-1000,-76.92410441896953,15.284103571807954,-1000,12.085400252004813,0,10
725,4,10,-97,1.9313495648424125e-05,-47.143956420418235,139,32.285210682045815,-1000,-88.14395642041823,12.839296176194313,-1000,12.839296176194313,0,8
778,4,10,-97,0.0005095356108553128,-32.931339427835184,141,31.483966752617988,-1000,-73.93133942783518,11.33172520858282,-1000,5.113749442363277,0,3
930,4,10,-97,1.886311500565302e-05,-47.26390619167711,274,23.348773122462063,-1000,-88.26390619167711,15.010677674984914,-1000,15.010677674984914,0,10
629,4,10,-97,3.1464797422447195e-05,-45.226908900510466,258,13.153969225892851,-1000,-86.22690890051047,19.475746702244535,-1000,7.855595393537165,0,9
754,4,10,-97,1.1014193043175563e-06,-59.60977229996088,140,21.694636599077498,-1000,-100.60977229996088,10.41360588538461,-1000,9.884888408242054,0,3
757,4,10,-97,1.2988718473998667e-06,-58.86793798334867,139,30.811786491867906,-1000,-99.86793798334867,12.080597186463459,-1000,10.581843503631505,0,10
917,4,10,-97,9.760840828204164e-05,-40.15530804794005,145,19.347391477866324,-1000,-81.15530804794005,18.154903145844322,-1000,18.154903145844322,0,7
550,4,10,-97,6.420959112788753e-08,-72.55138551513389,16,8.085036879848772,-1000,-113.55138551513389,8.268702082402624,-1000,1.8526032943933455,0,5
577,4,10,-97,3.1665205925628663e-05,-44.99504376712187,6,36.99754953631641,-1000,-85.99504376712187,11.225618730467767,-1000,11.225618730467767,0,2
626,4,10,-97,0.0002067027064243524,-37.765287248606995,8,6.27840509177468,-1000,-78.765287248607,19.345537150432556,-1000,19.345537150432556,0,9
791,4,10,-97,1.9967242373128372e-06,-57.71535938782699,29,7.449109446802069,-1000,-98.715359387827,8.521059183474035,-1000,6.9471393791041995,0,9
431,4,10,-97,3.1476134554975026e-05,-45.020358192682025,129,44.01933185683596,-1000,-86.02035819268202,20.108179345258364,-1000,20.108179345258364,0,9
535,4,10,-97,2.0226855857022926e-06,-56.94237695008451,261,34.17398153430685,-1000,-97.94237695008451,18.545574856656547,-1000,18.545574856656547,0,9
684,4,10,-97,0.0004676759149750022,-33.3207594451399,10,23.31218070145622,-1000,-74.3207594451399,11.07371495534529,-1000,11.07371495534529,0,6
685,4,10,-97,4.360450867961045e-06,-53.60829419069161,266,30.803175683700502,-1000,-94.60829419069161,17.60289216045581,-1000,17.60289216045581,0,8
799,4,10,-97,0.0005210374439115754,-32.83809682564049,141,28.058201034939742,-1000,-73.83809682564049,14.771761080577022,-1000,14.771761080577022,0,7
830,4,10,-97,8.240668529654415e-07,-60.892370291908136,30,19.192225073266798,-1000,-101.89237029190814,8.486978621006834,-1000,7.7568959645855005,0,8
862,4,10,-97,1.8696824944359303e-06,-57.283653931404714,270,35.130343009958494,-1000,-98.28365393140471,15.219754114412927,-1000,15.219754114412927,0,8
939,4,10,-97,4.223264741835265e-08,-74.15219124772842,17,10.058130287356818,-1000,-115.15219124772842,8.867862246312228,-1000,4.6040205079102385,0,0
514,4,10,-97,6.074931022598878e-07,-64.42810623164765,132,1.649195566825881,-1000,-105.42810623164765,11.391496419748949,-1000,10.90278766499592,0,11
591,4,10,-97,2.6218080737621475e-06,-55.858527670608126,134,19.86838167770547,-1000,-96.85852767060813,10.484964147553454,-1000,10.484964147553454,0,0
609,4,10,-97,3.8642981232233224e-06,-54.30282727710727,263,13.896953746122904,-1000,-95.30282727710727,13.456734463182645,-1000,13.456734463182645,0,6
750,4,10,-97,1.755588860713237e-06,-57.62767333481676,139,17.774463228391525,-1000,-98.62767333481676,10.860485807949946,-1000,8.654955489057397,0,10
900,4,10,-97,1.1721013557909275e-05,-49.47263532135088,163,14.1936094958251,-1000,-90.47263532135088,14.369539528069307,-1000,14.369539528069307,0,9
416,4,10,-97,2.0687885146225362e-06,-57.02750541816104,257,13.621304330044666,-1000,-98.02750541816104,11.432010062877279,-1000,-0.7545503925942559,0,3
464,4,10,-97,5.4662275064089084e-06,-52.62551272074194,2,32.59311795725927,-1000,-93.62551272074194,20.064042596836792,-1000,20.064042596836792,0,9
723,4,10,-97,3.2506018110699066e-06,-54.966522840242604,11,16.981605964565958,-1000,-95.9665228402426,13.34056935782706,-1000,13.34056935782706,0,9
749,4,10,-97,4.5234746346691764e-06,-53.446224454513285,140,36.61823791708885,-1000,-94.44622445451328,19.274700214735972,-1000,19.274700214735972,0,8
847,4,10,-97,2.7907732612767785e-07,-65.6289141637386,15,16.98165042573588,-1000,-106.6289141637386,11.473942844387489,-1000,8.152632693993834,0,3
433,4,10,-97,4.805394260331468e-07,-63.344027222318005,1,14.220120538172957,-1000,-104.344027222318,11.84004340677765,-1000,11.84004340677765,0,10
771,4,10,-97,1.4533304867980693e-05,-48.3775606917562,140,35.569060888184126,-1000,-89.3775606917562,17.20054627679577,-1000,17.20054627679577,0,8
936,4,10,-97,8.419363229245259e-06,-50.793447217118924,274,19.704554538481787,-1000,-91.79344721711892,16.626253697729183,-1000,16.626253697729183,0,7
484,4,10,-97,1.5277790907272904e-06,-58.165912381694554,130,28.233439327458456,-1000,-99.16591238169455,13.427207692794045,-1000,12.558595419610263,0,7
664,4,10,-97,2.484218046639319e-08,-76.31554681527804,137,11.971107330058416,-1000,-117.31554681527804,11.817549807996942,-1000,11.817549807996942,0,10
733,4,10,-97,4.720696132420514e-07,-63.3852203196969,11,15.336207620730079,-1000,-104.3852203196969,10.801664331233127,-1000,10.801664331233127,0,10
601,4,10,-97,9.739034792183179e-06,-50.16510180619345,35,19.34037890733744,-1000,-91.16510180619345,16.806875375884694,-1000,7.450445433481168,0,9
620,4,10,-97,6.15078733061888e-08,-72.15006812511656,1,20.405908871211167,-1000,-113.15006812511656,13.630413944279411,-1000,12.037062666071769,0,7
766,4,10,-97,1.0078022166319872e-05,-49.969338316321,12,31.474733053152946,-1000,-90.969338316321,8.296471933257102,-1000,7.7301970793066035,0,4
873,4,10,-97,1.9517856148988656e-07,-69.67339774005447,32,0.913064968472483,-1000,-110.67339774005447,8.95427921667677,-1000,3.936866226520389,0,0
395,4,10,-97,1.8972871536033938e-06,-57.45814481726842,129,12.46494467842092,-1000,-98.45814481726842,14.196773977712382,-1000,9.475136914123599,0,9
439,4,10,-97,1.4449882641647202e-07,-68.42117641532843,258,23.396977599160095,-1000,-109.42117641532843,12.385525448263085,-1000,7.512420862120802,0,7
492,4,10,-97,2.8798210097343875e-07,-65.93614341157104,259,8.869145155592037,-1000,-106.93614341157104,8.352037599993956,-1000,3.7874353102095935,0,2
926,4,10,-97,7.2478266672267555e-06,-51.40196468286378,274,30.309140134470283,-1000,-92.40196468286378,11.501599008166188,-1000,11.501599008166188,0,9
614,4,10,-97,3.935860051073875e-08,-75.88254885653981,135,2.7976898299434936,-1000,-116.88254885653981,10.890314922137925,-1000,5.234356112309238,0,3
671,4,10,-97,3.123905624707751e-06,-55.05435072128475,137,35.139406264105546,-1000,-96.05435072128475,15.807336147801252,-1000,15.807336147801252,0,8
823,4,10,-97,0.00024853438491846463,-36.05010674650147,14,30.386236674596418,-1000,-77.05010674650147,14.055076604894282,-1000,14.055076604894282,0,11
519,4,10,-97,2.132379844929852e-06,-56.967947589030885,268,12.156462055446454,-1000,-97.96794758903089,13.375299543078349,-1000,13.375299543078349,0,8
600,4,10,-97,1.5193079821579921e-07,-68.22222956992908,263,20.482748414221632,-1000,-109.22222956992908,10.534989898501152,-1000,6.282983755636184,0,5
843,4,10,-97,4.142111167519717e-05,-43.85470182465737,15,22.063734134061477,-1000,-84.85470182465737,18.679978672190394,-1000,18.679978672190394,0,7
595,4,10,-97,2.0936058170556646e-05,-46.79597635003229,7,29.450865267402946,-1000,-87.79597635003229,12.427244121432375,-1000,12.427244121432375,0,10
604,4,10,-97,1.4093033066724775e-07,-68.59422743136241,7,17.078798652388258,-1000,-109.59422743136241,8.89333346015218,-1000,4.9225499386153935,0,2
404,4,10,-97,2.658389237758651e-07,-65.76428502369797,0,26.172839398791155,-1000,-106.76428502369797,10.6816422153859,-1000,10.264678709683995,0,4
493,4,10,-97,4.564715561974073e-06,-53.411757123919415,3,28.670549616696718,-1000,-94.41175712391941,17.32131453621119,-1000,17.32131453621119,0,10
556,4,10,-97,3.183840167456083e-05,-44.97089685340424,5,40.255857017478604,-1000,-85.97089685340424,16.084672248085184,-1000,16.084672248085184,0,10
854,4,10,-97,2.2102793837389865e-05,-46.55847258339321,271,31.68653278836905,-1000,-87.55847258339321,17.23070497650906,-1000,17.23070497650906,0,9
553,4,10,-97,5.640822078784232e-06,-52.48744417785477,5,36.99124455435586,-1000,-93.48744417785477,11.089915850045307,-1000,11.089915850045307,0,7
557,4,10,-97,0.00026810176360154525,-35.7238205150953,5,28.03835881739387,-1000,-76.7238205150953,19.935852051189798,-1000,19.935852051189798,0,9
714,4,10,-97,3.243862614377718e-05,-44.95469097064455,267,18.19498218029277,-1000,-85.95469097064455,11.255951931131218,-1000,11.255951931131218,0,6
494,4,10,-97,4.517241370258598e-05,-43.510136481660055,259,18.64947531611731,-1000,-84.51013648166006,10.901470323735575,-1000,10.792758771246499,0,2
507,4,10,-97,8.540701100128329e-07,-60.78348194206535,128,16.397832745833867,-1000,-101.78348194206535,9.287054926078316,-1000,9.287054926078316,0,2
709,4,10,-97,2.776082942469308e-05,-45.57882958101705,10,25.180700230875075,-1000,-86.57882958101705,13.027560842409521,-1000,12.730309706792449,0,9
389,4,10,-97,4.147310518997929e-06,-53.90297047711235,128,17.272172450909295,-1000,-94.90297047711235,14.271748028379427,-1000,12.462598943019199,0,8
636,4,10,-97,6.323544082186583e-07,-63.65425384236478,264,3.308219158393726,-1000,-104.65425384236478,8.466170924154643,-1000,4.01115755711456,0,9
779,4,10,-97,1.3073666724143664e-06,-58.87856108531629,268,20.06907520667349,-1000,-99.87856108531629,12.610137214782924,-1000,9.969030773239034,0,8
438,4,10,-97,6.745199096264424e-06,-51.72005587582126,257,26.3712739794084,-1000,-92.72005587582126,11.184676680891457,-1000,9.217580482728287,0,2
505,4,10,-97,3.4717024291375244e-08,-74.99679926281964,14,10.130497028513133,-1000,-115.99679926281964,8.889548914201086,-1000,8.889548914201086,0,0
575,4,10,-97,2.308600214965546e-07,-66.54970214432669,6,13.656921553458673,-1000,-107.54970214432669,15.424223571385784,-1000,15.424223571385784,0,7
915,4,10,-97,3.92575583985507e-06,-54.06769462762905,17,27.968625044335965,-1000,-95.06769462762905,11.454294420099103,-1000,11.291654661103484,0,3
935,4,10,-97,1.3700251998006937e-06,-58.64096778221935,146,27.207419878166377,-1000,-99.64096778221935,10.761893831939345,-1000,10.761893831939345,0,3
512,4,10,-97,0.00196494305300216,-27.071366209833585,260,29.503783754351623,-1000,-68.07136620983358,20.94697803924945,-1000,20.94697803924945,0,8
708,4,10,-97,6.1471997137269714e-06,-52.770091177265044,279,7.870514825841177,-1000,-93.77009117726504,10.015157610903325,-1000,7.2696620142389685,0,0
780,4,10,-97,2.149883530499934e-07,-66.75670923812017,29,17.260090779890433,-1000,-107.75670923812017,10.262013541232596,-1000,10.262013541232596,0,3
762,4,10,-97,1.5669556008141165e-06,-58.07734199324372,13,21.90645341367035,-1000,-99.07734199324372,10.339675570006332,-1000,10.339675570006332,0,2
794,4,10,-97,1.2430274168112241e-05,-49.197000997529784,13,14.789736525131858,-1000,-90.19700099752978,12.607925788127599,-1000,12.607925788127599,0,11
628,4,10,-97,4.480244988617867e-07,-63.54076589775181,8,19.04443097088334,-1000,-104.54076589775181,18.36049878570895,-1000,18.36049878570895,0,7
713,4,10,-97,1.1120507409160385e-06,-59.59259886777683,137,19.03944663891754,-1000,-100.59259886777683,15.54665784552233,-1000,10.14985065771777,0,8
731,4,10,-97,2.503609412464135e-08,-76.12682141717406,267,15.810448083902173,-1000,-117.12682141717406,12.325656906514546,-1000,8.967034351578073,0,6
800,4,10,-97,9.31018974057336e-08,-73.25814341413849,29,0.12605713914088312,-1000,-114.25814341413849,10.447845803397097,-1000,10.447845803397097,0,1
829,4,10,-97,2.444781577054411e-06,-56.119342823171735,14,33.962837851732246,-1000,-97.11934282317173,13.329199917796146,-1000,13.329199917796146,0,9
465,4,10,-97,1.2967467496380713e-06,-58.87410831559674,130,32.127702470563165,-1000,-99.87410831559674,7.740284926473996,-1000,7.226480715377489,0,9
528,4,10,-97,0.00024989212505795345,-36.036602078524396,14,24.870037724799836,-1000,-77.0366020785244,10.426744575330227,-1000,8.439437363376323,0,9
585,4,10,-97,7.979605104405104e-07,-61.23957943039771,16,12.107911243797702,-1000,-102.23957943039771,10.5655009775315,-1000,6.4875757776507035,0,0
945,4,10,-97,1.0985225320712625e-06,-59.59449754620418,18,32.24818408238011,-1000,-100.59449754620418,10.2548613245136,-1000,10.2548613245136,0,6
951,4,10,-97,2.2739595007217888e-06,-56.496976715549025,146,18.22938459303532,-1000,-97.49697671554902,10.18322841646701,-1000,9.547584681546027,0,4
944,4,10,-97,6.763655854739966e-07,-61.716801995728844,146,23.669430825127392,-1000,-102.71680199572884,14.060121996118802,-1000,14.060121996118802,0,7
676,4,10,-97,4.7424253907970997e-07,-63.361379446778415,9,15.475376495244248,-1000,-104.36137944677841,8.480177343124609,-1000,-8.621451900663217,0,8
837,4,10,-97,1.0062074974409126e-06,-60.1522690474595,271,13.755927244070165,-1000,-101.1522690474595,8.254315559487324,-1000,6.192551498021549,0,9
924,4,10,-97,1.8277378110233673e-05,-47.38531851586123,18,29.884721013152458,-1000,-88.38531851586123,16.49887823911728,-1000,16.49887823911728,0,8
510,4,10,-97,6.725595131015939e-07,-62.00559478747911,260,11.719264310648867,-1000,-103.00559478747911,13.73296265192986,-1000,13.73296265192986,0,7
532,4,10,-97,8.946538310959291e-08,-70.63044679118181,260,14.631051047749523,-1000,-111.63044679118181,11.139597716072823,-1000,1.9616942497329903,0,2
547,4,10,-97,4.124565323940423e-06,-54.04079488451558,261,13.389282126343986,-1000,-95.04079488451558,11.95692475248855,-1000,11.95692475248855,0,11
660,4,10,-97,0.00018880990782888616,-37.5732698762844,137,10.978828542517121,-1000,-78.5732698762844,13.244297131131175,-1000,13.244297131131175,0,11
437,4,10,-97,1.34899042786121e-06,-58.70250670207449,129,32.23453193282066,-1000,-99.70250670207449,11.146912988313932,-1000,-0.778378535496774,0,2
451,4,10,-97,2.674664151181018e-06,-55.742887766080756,258,24.444282834193885,-1000,-96.74288776608076,10.62666968126237,-1000,10.62666968126237,0,4
474,4,10,-97,4.547136746683385e-06,-53.53182927002142,131,15.940522970354735,-1000,-94.53182927002142,17.436587702483337,-1000,12.620756689060416,0,9
661,4,10,-97,2.18430447389264e-06,-56.63792157575293,265,21.44122559429053,-1000,-97.63792157575293,10.74509563997118,-1000,8.824628408141503,0,2
904,4,10,-97,8.44855272814213e-07,-60.74652232263273,145,24.80350799702076,-1000,-101.74652232263273,14.526837949660791,-1000,14.526837949660791,0,7
640,4,10,-97,6.611817697387392e-07,-61.99383793956676,148,13.333256823800795,-1000,-102.99383793956676,10.638379356300376,-1000,10.638379356300376,0,4
651,4,10,-97,1.2384505418647783e-05,-49.093232303849916,136,22.93885722281705,-1000,-90.09323230384992,11.436952631438928,-1000,11.436952631438928,0,11
802,4,10,-97,3.0057063678169656e-07,-65.69911844090257,28,9.336772555247933,-1000,-106.69911844090257,9.796975325224242,-1000,4.957710476922205,0,0
398,4,10,-97,0.000276183987696799,-35.61933077844347,128,21.404549394818574,-1000,-76.61933077844347,12.055455297800306,-1000,12.055455297800306,0,9
485,4,10,-97,0.000616290670856864,-32.102349597513324,259,43.2489102224491,-1000,-73.10234959751332,21.007019765854025,-1000,21.007019765854025,0,8
581,4,10,-97,9.201283055977207e-07,-60.4557981244201,6,16.586327378779075,-1000,-101.4557981244201,8.3367433642336,-1000,0.6592099240604252,0,3
460,4,10,-97,1.7437265832623085e-07,-68.11840554056167,136,8.839705951983035,-1000,-109.11840554056167,9.49948216197302,-1000,9.49948216197302,0,3
497,4,10,-97,3.835074990217749e-05,-44.24844457254163,4,16.98045525725204,-1000,-85.24844457254163,14.914358660078486,-1000,10.741224428015748,0,9
912,4,10,-97,6.996115308147581e-06,-51.57238865634389,145,23.15381079593635,-1000,-92.57238865634389,16.16920520820776,-1000,16.16920520820776,0,10
861,4,10,-97,2.854451744861677e-06,-55.47349964190572,143,21.7806148336729,-1000,-96.47349964190572,8.977861744686678,-1000,5.712456275193582,0,3
399,4,10,-97,1.1917455151082349e-05,-49.26080867505725,256,22.816996790264326,-1000,-90.26080867505725,17.46056665940126,-1000,17.46056665940126,0,7
834,4,10,-97,4.281067337176793e-05,-43.685958204484706,15,34.67802743549319,-1000,-84.6859582044847,18.651681254245965,-1000,18.651681254245965,0,7
855,4,10,-97,1.8439970337608005e-07,-69.96511798379376,31,0.8131682986305009,-1000,-110.96511798379376,8.508182943832661,-1000,5.635389938073552,0,8
747,4,10,-97,7.216481525894433e-08,-71.52016193504423,12,16.180113638961927,-1000,-112.52016193504423,12.714380250641582,-1000,12.714380250641582,0,10
863,4,10,-97,0.0014297346010028876,-28.455280401696342,271,27.433713485256206,-1000,-69.45528040169634,11.510326934458734,-1000,11.277571061212681,0,2
899,4,10,-97,3.0975253465252903e-05,-45.09133215686067,17,34.67200643401043,-1000,-86.09133215686067,11.355669631219481,-1000,9.217447404277088,0,3
559,4,10,-97,0.0004701707819930334,-33.27794184888445,15,39.403383829726906,-1000,-74.27794184888445,17.7995192344991,-1000,17.7995192344991,0,8
599,4,10,-97,1.4842979237104655e-08,-79.33352313925246,4,5.636276032112292,-1000,-120.33352313925246,7.8623580249480645,-1000,-0.01288361566923335,0,9
670,4,10,-97,4.815379620483987e-07,-63.29928508996696,9,15.325332355402566,-1000,-104.29928508996696,11.395572955357224,-1000,11.395572955357224,0,10
743,4,10,-97,7.638428913677148e-05,-41.17077752465113,11,37.250234218375965,-1000,-82.17077752465113,20.608860805850604,-1000,20.608860805850604,0,9
824,4,10,-97,4.907561292809409e-07,-63.10987250179794,15,23.689861515119112,-1000,-104.10987250179794,17.122345011622404,-1000,11.251284754457295,0,9
469,4,10,-97,0.0020794536375809813,-26.838314719375518,258,23.862994910876623,-1000,-67.83831471937552,19.641004956645347,-1000,19.641004956645347,0,9
529,4,10,-97,4.965151174951483e-06,-53.096017485332766,4,18.91957478721264,-1000,-94.09601748533277,11.020741951859717,-1000,11.020741951859717,0,6
536,4,10,-97,1.4950119062087857e-06,-58.260440942752155,133,27.99381023073991,-1000,-99.26044094275215,12.96753257291321,-1000,12.96753257291321,0,9
496,4,10,-97,1.4661579796916824e-06,-58.66493855339641,131,11.071339793594781,-1000,-99.66493855339641,17.966461570758675,-1000,17.966461570758675,0,9
593,4,10,-97,1.4060114238080529e-05,-48.54675344565051,6,22.10885704570599,-1000,-89.54675344565051,9.39711621494924,-1000,9.39711621494924,0,2
846,4,10,-97,1.1686925321012283e-07,-69.58762669455031,31,12.018475923934602,-1000,-110.58762669455031,8.074361713987253,-1000,6.19749915641541,0,7
549,4,10,-97,3.6725678262169327e-07,-65.28441372496629,261,6.198429460840131,-1000,-106.28441372496629,8.481063192282408,-1000,4.698474002719905,0,8
767,4,10,-97,5.321243018286494e-07,-62.74974325991428,13,26.427888687994212,-1000,-103.74974325991428,13.041585396302711,-1000,7.64515111186365,0,10
418,4,10,-97,2.7872570613149484e-06,-55.55563477169284,129,27.678880323787723,-1000,-96.55563477169284,15.394266854763075,-1000,15.394266854763075,0,8
500,4,10,-97,0.0001031803696587357,-39.86463739529691,259,38.53714675311796,-1000,-80.86463739529691,18.977711827685543,-1000,18.977711827685543,0,9
539,4,10,-97,3.928219904143418e-07,-64.862361596541,15,6.91519235446664,-1000,-105.862361596541,8.489872364432648,-1000,5.119087803012735,0,8
821,4,10,-97,2.7431813360240874e-06,-55.827311561676225,270,13.053263125302948,-1000,-96.82731156167623,9.217435915086478,-1000,9.217435915086478,0,6
555,4,10,-97,5.0642223414823965e-06,-52.956575050233866,133,34.0656135353223,-1000,-93.95657505023387,11.16811664655589,-1000,11.16811664655589,0,11
584,4,10,-97,1.6704749023583402e-06,-57.80002608624778,6,21.82652049010673,-1000,-98.80002608624778,9.873279987903366,-1000,9.873279987903366,0,4
697,4,10,-97,1.3252169862104555e-06,-58.7862799958431,266,26.759087354679195,-1000,-99.7862799958431,9.668576854682247,-1000,9.668576854682247,0,7
574,4,10,-97,1.947432963167114e-06,-57.16658931895077,146,18.47865777514147,-1000,-98.16658931895077,10.984968562792572,-1000,10.984968562792572,0,3
621,4,10,-97,6.001329620855048e-05,-42.218494856107014,263,36.511141117454336,-1000,-83.21849485610701,13.642313681774308,-1000,13.642313681774308,0,10
693,4,10,-97,1.781174303696037e-05,-47.49987570532629,266,27.960830300087693,-1000,-88.49987570532629,17.866016541775465,-1000,17.866016541775465,0,7
765,4,10,-97,2.5228654794505168e-06,-56.0670632370595,140,16.989574451165005,-1000,-97.0670632370595,11.63775217072547,-1000,11.63775217072547,0,7
860,4,10,-97,0.000301856764691262,-35.26861802021219,143,18.107974598352804,-1000,-76.26861802021219,13.743100335540888,-1000,13.743100335540888,0,6
486,4,10,-97,0.00012923766608929755,-38.91100877302509,3,22.403422084235906,-1000,-79.91100877302509,16.36187130461215,-1000,16.36187130461215,0,10
525,4,10,-97,7.28023784878755e-06,-51.40807592671911,132,21.660197960407743,-1000,-92.4080759267191,17.0889332482017,-1000,11.849108991802021,0,8
534,4,10,-97,5.562278481278471e-05,-42.62238194590802,261,17.594981291660034,-1000,-83.62238194590802,11.177096749594575,-1000,7.539062976892777,0,3
881,4,10,-97,5.239368662535746e-08,-72.89494182411109,16,16.902352672403637,-1000,-113.89494182411109,11.485906568463246,-1000,8.76479066665333,0,8
921,4,10,-97,0.00019686658953258233,-37.05833002682287,17,49.37040775202544,-1000,-78.05833002682287,17.106976076404003,-1000,17.106976076404003,0,8
927,4,10,-97,2.4619376107219817e-05,-46.090914481177975,18,30.711729745556852,-1000,-87.09091448117798,14.50324961750058,-1000,14.50324961750058,0,10
950,4,10,-97,1.6727346713726568e-07,-67.84964033686902,18,17.097635031358053,-1000,-108.84964033686902,10.833713077721015,-1000,2.7037117021943944,0,2
472,4,10,-97,5.983797915923343e-05,-42.2341588262649,258,30.434155418800657,-1000,-83.2341588262649,11.23439195262818,-1000,10.858082205967625,0,2
851,4,10,-97,2.6175775167928467e-07,-65.93956390992898,270,15.579067623091163,-1000,-106.93956390992898,17.236403270421597,-1000,9.45525118211785,0,9
865,4,10,-97,2.3918560737121045e-06,-56.21712926649495,272,29.863116239473285,-1000,-97.21712926649495,14.672313378396133,-1000,14.672313378396133,0,8
853,4,10,-97,4.175137725213933e-07,-63.80463461030607,15,25.825016986839245,-1000,-104.80463461030607,16.813401527822574,-1000,16.813401527822574,0,7
887,4,10,-97,3.484548282684633e-07,-64.91023744590836,16,11.003451421238339,-1000,-105.91023744590836,15.940152055814796,-1000,15.940152055814796,0,10
424,4,10,-97,3.786051225701852e-07,-64.25962230045583,129,20.177946202703936,-1000,-105.25962230045583,11.41150162134686,-1000,11.41150162134686,0,3
488,4,10,-97,4.372370758014547e-07,-63.70068779866385,4,15.995294776856724,-1000,-104.70068779866385,9.127126747121064,-1000,9.127126747121064,0,5
751,4,10,-97,1.2467463557756765e-06,-59.0577068252597,12,24.47017155677512,-1000,-100.0577068252597,9.710944758369429,-1000,9.710944758369429,0,4
413,4,10,-97,7.241891614316125e-06,-51.402021256578294,256,39.04188257677327,-1000,-92.4020212565783,15.127028433264512,-1000,15.127028433264512,0,9
642,4,10,-97,0.002237690533767215,-26.50340657214734,264,34.89475839258313,-1000,-67.50340657214734,17.11524106193824,-1000,17.11524106193824,0,7
932,4,10,-97,2.361917747451496e-06,-56.26887471660406,146,34.55176208618455,-1000,-97.26887471660406,15.72125546057373,-1000,15.72125546057373,0,10
390,4,10,-97,1.0900425840969687e-05,-49.62662148794769,128,36.140124317443295,-1000,-90.62662148794769,17.16001626734871,-1000,17.16001626734871,0,9
710,4,10,-97,0.0005478685735476777,-32.615276616811045,138,33.27943266453653,-1000,-73.61527661681104,11.536694265315475,-1000,8.63689107293548,0,3
752,4,10,-97,0.00017499629314330088,-37.57534136790069,140,28.870050872450392,-1000,-78.57534136790069,15.804286965316383,-1000,15.804286965316383,0,8
445,4,10,-97,0.0004631189524342465,-33.37328880840259,0,21.56059457211468,-1000,-74.37328880840259,14.000278775912468,-1000,13.47338997606228,0,7
916,4,10,-97,9.277554706195839e-08,-70.58469689862673,262,12.114146826757292,-1000,-111.58469689862673,10.740074196728301,-1000,10.740074196728301,0,4
503,4,10,-97,7.255718339954311e-06,-51.405499943953785,131,25.471191519419655,-1000,-92.40549994395379,16.672669975345986,-1000,16.672669975345986,0,7
617,4,10,-97,6.290059520858494e-08,-73.23376261276697,135,4.888708009766702,-1000,-114.23376261276697,12.999032001137838,-1000,9.852211310170283,0,8
717,4,10,-97,1.5932970929812453e-08,-79.80681899517354,302,2.8068704701965856,-1000,-120.80681899517354,8.09105864244209,-1000,4.98367932800423,0,9
889,4,10,-97,1.6976644982695986e-06,-57.72061780849472,272,23.54965173452618,-1000,-98.72061780849472,15.001741931875342,-1000,15.001741931875342,0,7
470,4,10,-97,1.765453055203117e-05,-47.775762378928775,2,12.375444975698855,-1000,-88.77576237892877,14.585563140513923,-1000,10.64717452970109,0,8
522,4,10,-97,7.086043558152758e-05,-41.49730364514039,260,35.100224965574256,-1000,-82.49730364514039,19.822750088262346,-1000,19.822750088262346,0,9
812,4,10,-97,1.6519713778116327e-06,-58.27072670418316,14,9.611142490631465,-1000,-99.27072670418316,20.209672689879902,-1000,20.209672689879902,0,8
776,4,10,-97,7.758871048659161e-05,-41.10281086166515,132,37.36721336598143,-1000,-82.10281086166515,9.841886660732747,-1000,9.779684933749865,0,0
892,4,10,-97,4.928024863798456e-07,-63.07603607854507,144,31.959537454388013,-1000,-104.07603607854507,17.088674751520834,-1000,17.088674751520834,0,9
419,4,10,-97,1.4398940336378515e-07,-69.68354208869374,6,4.70178963040226,-1000,-110.68354208869374,7.74152004739669,-1000,3.719207244268952,0,8
526,4,10,-97,2.988917117072326e-06,-55.40942664498152,128,14.131916186007615,-1000,-96.40942664498152,10.399465268774595,-1000,10.399465268774595,0,5
548,4,10,-97,2.905041053743683e-06,-55.38106663679153,133,25.371503980615543,-1000,-96.38106663679153,11.538684491238524,-1000,11.365482868218269,0,3
746,4,10,-97,2.435475624527948e-06,-56.14493676228031,140,26.048428936368396,-1000,-97.14493676228031,18.34564279736685,-1000,18.34564279736685,0,7
831,4,10,-97,0.00011380193230230368,-39.44494279364609,142,28.286333679179563,-1000,-80.44494279364609,17.112486526635816,-1000,17.112486526635816,0,8
898,4,10,-97,3.200828867280874e-08,-75.27051328557286,273,11.121394305137358,-1000,-116.27051328557286,12.436487622846279,-1000,12.436487622846279,0,9
406,4,10,-97,1.480276373095602e-07,-69.46617142431093,256,5.09955517570674,-1000,-110.46617142431093,10.804348388694356,-1000,7.531884135633597,0,2
441,4,10,-97,1.5992670777747647e-06,-57.961626343848195,129,37.15373059635684,-1000,-98.9616263438482,15.492506679771886,-1000,15.492506679771886,0,7
455,4,10,-97,0.0003441192806543123,-34.63860160169317,266,28.822603273091758,-1000,-75.63860160169317,18.354368513480512,-1000,10.280197696198655,0,9
867,4,10,-97,8.596692864540484e-08,-70.83278928991444,144,13.831816497828441,-1000,-111.83278928991444,11.259256046194555,-1000,10.303693841307922,0,3
543,4,10,-97,1.6118178520412602e-06,-57.94504080068131,133,23.767926450671638,-1000,-98.94504080068131,10.528304176077224,-1000,1.7831865568158696,0,2
724,4,10,-97,1.1512479438804281e-06,-62.07398525713235,281,0.6754917244945489,-1000,-103.07398525713235,9.42632264203823,-1000,5.589375401667501,0,5
842,4,10,-97,2.7734189303462678e-06,-55.584197302801385,15,24.801523170171663,-1000,-96.58419730280139,9.798620933400512,-1000,1.426754397675289,0,2
669,4,10,-97,0.00031536343941129466,-35.01645405264739,265,29.77878577106084,-1000,-76.01645405264739,13.39724232900183,-1000,13.39724232900183,0,9
673,4,10,-97,1.958126379091421e-06,-57.1222248587938,265,20.268825006646267,-1000,-98.1222248587938,11.348878507995837,-1000,7.951842065364401,0,2
884,4,10,-97,1.0167669387590553e-06,-59.94278230089013,144,24.610454247828073,-1000,-100.94278230089013,10.624793434306365,-1000,10.624793434306365,0,8
554,4,10,-97,8.768229737744771e-06,-50.59962465430935,133,21.778012765317683,-1000,-91.59962465430935,19.12134303788161,-1000,19.12134303788161,0,9
561,4,10,-97,2.78751904044602e-05,-45.62338948583073,15,17.55663017737377,-1000,-86.62338948583073,15.001296409038986,-1000,15.001296409038986,0,8
566,4,10,-97,0.0002228139754925504,-36.5210654159137,262,39.47837998898987,-1000,-77.5210654159137,11.288945182033318,-1000,4.567953402622811,0,3
815,4,10,-97,3.936802475628111e-06,-54.06369317624366,270,24.572051248257452,-1000,-95.06369317624366,12.09300941532016,-1000,12.09300941532016,0,7
578,4,10,-97,5.354128071073269e-07,-62.72763060828062,134,24.75146576625589,-1000,-103.72763060828062,11.112045596950143,-1000,10.018355176635213,0,8
615,4,10,-97,1.1864616560519456e-06,-59.31535280117376,18,18.722839971588755,-1000,-100.31535280117376,11.149109886299993,-1000,11.149109886299993,0,3
694,4,10,-97,2.4341470525886408e-05,-46.139733208104175,10,31.322948011813693,-1000,-87.13973320810418,11.504292462447793,-1000,6.65423367610838,0,6
804,4,10,-97,1.933769071982683e-07,-67.80138897692838,30,7.809821199033777,-1000,-108.80138897692838,8.264638339160237,-1000,6.590609475612341,0,9
841,4,10,-97,4.101437214495394e-09,-84.48779299116954,143,8.161679558844384,-1000,-125.48779299116954,10.222522131059167,-1000,6.36093546932436,0,9
905,4,10,-97,6.110616605004746e-07,-62.27788187484036,163,14.886518557467667,-1000,-103.27788187484036,11.085084090055467,-1000,11.085084090055467,0,2
942,4,10,-97,7.548054065712229e-06,-51.249793174394625,146,21.87002955053731,-1000,-92.24979317439463,11.135959217103725,-1000,4.73846882132142,0,2
658,4,10,-97,0.022824801827998873,-16.416024788503627,9,46.60312322061309,-1000,-57.41602478850363,19.971272478068173,-1000,19.971272478068173,0,8
797,4,10,-97,3.2835042384285166e-08,-75.69786930698783,283,6.588838785564747,-1000,-116.69786930698783,9.403086964583125,-1000,9.403086964583125,0,0
798,4,10,-97,0.0003031237799939182,-35.190331485077024,13,28.224404266790096,-1000,-76.19033148507702,18.37534852593486,-1000,18.37534852593486,0,10
844,4,10,-97,4.82450929044565e-06,-53.16709237885668,271,34.27157378982985,-1000,-94.16709237885668,13.147367485760906,-1000,13.147367485760906,0,10
852,4,10,-97,1.2688874760483131e-07,-69.39106628545989,271,9.876531971903901,-1000,-110.39106628545989,14.299043761541014,-1000,10.774709305540508,0,8
410,4,10,-97,1.474356038161795e-05,-48.34958482142932,0,20.844483896830454,-1000,-89.34958482142932,17.26023242358032,-1000,17.26023242358032,0,9
613,4,10,-97,0.0007505848352846483,-31.25000346341649,7,30.353808583343028,-1000,-72.25000346341649,19.768918297472528,-1000,19.768918297472528,0,9
760,4,10,-97,0.00037269907195764236,-34.2883241573674,12,33.57276599414,-1000,-75.2883241573674,13.883681183748209,-1000,13.883681183748209,0,11
828,4,10,-97,3.5042118434110504e-06,-54.5607884504208,14,28.118949413910656,-1000,-95.5607884504208,15.244187785478733,-1000,15.244187785478733,0,8
835,4,10,-97,0.00022400816510956552,-36.58657723169448,271,16.828745116399162,-1000,-77.58657723169448,15.099603282219565,-1000,12.61661744781889,0,9
482,4,10,-97,7.284633049503847e-07,-62.058550018019815,259,7.6902265182696254,-1000,-103.05855001801982,16.148289362846178,-1000,16.148289362846178,0,7
513,4,10,-97,8.023050915138471e-06,-50.95899250980963,260,32.59631908817802,-1000,-91.95899250980963,11.046612571019068,-1000,11.046612571019068,0,4
758,4,10,-97,5.591269854817025e-06,-52.64221481015832,4,15.625355132487535,-1000,-93.64221481015832,13.581450901554094,-1000,10.781165353005115,0,10
656,4,10,-97,1.6023939339195415e-07,-68.0446766748465,278,16.676285971766404,-1000,-109.0446766748465,8.978145921920689,-1000,4.783913762335098,0,0
764,4,10,-97,2.7154530266709366e-06,-55.66867802365627,268,27.86111594239776,-1000,-96.66867802365627,14.053068980990865,-1000,14.053068980990865,0,10
809,4,10,-97,1.0314591809025746e-07,-70.00957582749973,270,14.719067897700143,-1000,-111.00957582749973,8.719625103426955,-1000,-3.675561118816798,0,2
689,4,10,-97,2.75074179597388e-06,-55.60726458060549,10,33.9148223446423,-1000,-96.60726458060549,14.349259133922764,-1000,14.349259133922764,0,8
698,4,10,-97,1.6759544733159425e-05,-47.760553760940184,10,31.357544475262728,-1000,-88.76055376094018,12.487279979294119,-1000,9.110044466339737,0,6
719,4,10,-97,3.586106133588543e-07,-65.16824146032917,267,7.475852991049663,-1000,-106.16824146032917,11.534836202640445,-1000,-2.0068891822412955,0,2
820,4,10,-97,4.811215362970868e-06,-53.18676841444764,142,26.680707599583627,-1000,-94.18676841444764,14.005151597466451,-1000,14.005151597466451,0,10
518,4,10,-97,2.601817239168354e-05,-45.84765423973403,260,40.12338674247309,-1000,-86.84765423973403,15.854713372213087,-1000,15.854713372213087,0,8
564,4,10,-97,1.6287999372715125e-05,-47.96765112336695,6,16.9730622285675,-1000,-88.96765112336695,13.258172587777114,-1000,13.258172587777114,0,8
730,4,10,-97,1.607314192108478e-05,-47.97553369255819,267,20.73169743001617,-1000,-88.97553369255819,13.34727355738314,-1000,13.34727355738314,0,10
736,4,10,-97,1.1656894174245106e-05,-49.352584002032884,12,23.717496557002292,-1000,-90.35258400203288,14.508319156758564,-1000,14.508319156758564,0,8
806,4,10,-97,2.573311054506592e-05,-46.00437200183984,142,15.937083759156309,-1000,-87.00437200183984,12.65918166685996,-1000,12.65918166685996,0,11
849,4,10,-97,7.080675848705536e-07,-61.78930957726428,271,11.607178489532117,-1000,-102.78930957726428,8.447201117566005,-1000,6.453514405923455,0,9
509,4,10,-97,3.6054054018538854e-07,-64.43824779886378,4,27.459214860144044,-1000,-105.43824779886378,10.567761864540408,-1000,9.166951620076844,0,0
538,4,10,-97,1.5739096874393358e-07,-68.48421970960759,260,9.578127997346527,-1000,-109.48421970960759,11.26441503921146,-1000,11.26441503921146,0,3
572,4,10,-97,7.715665762063113e-07,-61.14981918908903,134,22.645552902722798,-1000,-102.14981918908903,10.473155063258929,-1000,10.473155063258929,0,10
748,4,10,-97,2.813874200415955e-06,-55.58418230587256,140,17.461362646340902,-1000,-96.58418230587256,13.43864663178319,-1000,13.43864663178319,0,8
436,4,10,-97,1.5863598287457561e-06,-57.99836531288685,1,32.60659580454556,-1000,-98.99836531288685,12.088920120653858,-1000,12.088920120653858,0,6
466,4,10,-97,4.606049853584804e-05,-43.63952811061063,130,11.88204809850916,-1000,-84.63952811061063,11.38795393820721,-1000,-5.4924014905040535,0,2
477,4,10,-97,2.0755881730491758e-07,-67.15605644766595,14,11.061387236998996,-1000,-108.15605644766595,14.461587744995505,-1000,7.286150070214287,0,8
607,4,10,-97,7.874732192620704e-07,-61.05654748832717,264,23.602523981108973,-1000,-102.05654748832717,11.580793827165618,-1000,9.593183366953266,0,7
810,4,10,-97,8.888080429571794e-06,-50.614304784414486,142,16.224206271867892,-1000,-91.61430478441449,21.21975031842039,-1000,21.21975031842039,0,9
483,4,10,-97,8.123238364583881e-08,-72.46920971868512,130,3.621765825272263,-1000,-113.46920971868512,8.254616061600839,-1000,3.217184291752061,0,9
700,4,10,-97,7.6187028914120205e-06,-51.190898509603315,266,26.501293901409156,-1000,-92.19089850960331,19.947614052669476,-1000,19.947614052669476,0,9
785,4,10,-97,1.0229423896421131e-06,-59.93433794743447,269,21.196093268466996,-1000,-100.93433794743447,13.5616304986542,-1000,13.5616304986542,0,11
770,4,10,-97,1.828521916494526e-05,-47.379501565386576,268,39.35961061397538,-1000,-88.37950156538658,14.888719986447423,-1000,14.888719986447423,0,8
603,4,10,-97,2.3779757829051901e-07,-66.35069096890247,135,15.799585861636928,-1000,-107.35069096890247,8.500550009749722,-1000,6.609230606459344,0,9
650,4,10,-97,9.366248777833355e-06,-50.28517375851348,8,37.18325816979021,-1000,-91.28517375851348,13.584763947923634,-1000,13.584763947923634,0,8
720,4,10,-97,3.852017194859584e-05,-44.151446779843084,11,27.16777505633405,-1000,-85.15144677984308,15.129611072522579,-1000,15.129611072522579,0,8
687,4,10,-97,4.1053829090383886e-05,-43.867254178625956,10,37.39634992819229,-1000,-84.86725417862596,11.989344565111299,-1000,11.989344565111299,0,9
409,4,10,-97,1.0506084627023353e-05,-50.265214336867174,6,9.326822095063875,-1000,-91.26521433686717,13.594987549528234,-1000,4.942207136970563,0,11
435,4,10,-97,1.6304055249341114e-07,-67.94268510104773,1,18.17319708477524,-1000,-108.94268510104773,12.296375569021542,-1000,10.225550304902587,0,9
473,4,10,-97,6.475302278079958e-06,-51.940866438765255,130,19.070231614715595,-1000,-92.94086643876525,16.89951162278115,-1000,16.89951162278115,0,7
666,4,10,-97,5.5748751266693714e-05,-42.57762841111571,9,20.339426199137947,-1000,-83.57762841111571,10.3697075146109,-1000,2.459798081506924,0,4
402,4,10,-97,0.0007083520375111835,-31.498050120308932,256,39.04082729275899,-1000,-72.49805012030893,17.096099916061952,-1000,17.096099916061952,0,10
422,4,10,-97,2.1741529474597796e-05,-46.646107418816584,257,23.57889245178778,-1000,-87.64610741881658,17.73296294552154,-1000,17.73296294552154,0,10
635,4,10,-97,4.3626986864447113e-07,-63.81294637028236,1,13.03967741095316,-1000,-104.81294637028236,14.477139534097038,-1000,14.01282780359845,0,7
573,4,10,-97,2.740408225788768e-07,-66.82203588993515,146,4.9714431252387214,-1000,-107.82203588993515,10.152578339703862,-1000,8.867357308802323,0,0
597,4,10,-97,3.470926192506279e-06,-54.60287377502888,135,27.724583683287676,-1000,-95.60287377502888,13.502414359071706,-1000,13.502414359071706,0,9
678,4,10,-97,7.174473503585904e-08,-74.89468321669477,9,-0.8436592496280895,-1000,-115.89468321669477,12.06586137160891,-1000,12.06586137160891,0,6
696,4,10,-97,5.144030822662338e-07,-62.900821511239656,138,24.95417882217069,-1000,-103.90082151123966,12.242338064518169,-1000,12.242338064518169,0,10
775,4,10,-97,3.8874949894212453e-07,-64.12696920580518,142,22.624456477766074,-1000,-105.12696920580518,16.396043565596475,-1000,5.843366314999347,0,7
446,4,10,-97,9.605656002188371e-05,-40.20362054799102,2,21.75578735446016,-1000,-81.20362054799102,10.607605997022269,-1000,8.880179401201488,0,9
516,4,10,-97,6.857816069509926e-08,-71.68819116146385,132,19.35879771974922,-1000,-112.68819116146385,15.707446539776784,-1000,15.707446539776784,0,7
531,4,10,-97,3.04265834697077e-06,-55.17438777316285,260,27.973532157693157,-1000,-96.17438777316285,14.189349616556441,-1000,14.189349616556441,0,9
610,4,10,-97,1.9481978041341966e-06,-57.10473011878388,147,36.12173992066256,-1000,-98.10473011878388,17.593257122113883,-1000,17.593257122113883,0,9
632,4,10,-97,1.083036660795496e-07,-70.98176762667738,258,4.4641994408653005,-1000,-111.98176762667738,10.485443420486492,-1000,1.5847703027873363,0,5
711,4,10,-97,2.0382249805285495e-07,-66.95429789481702,10,19.650182397459943,-1000,-107.95429789481702,13.420463258584643,-1000,13.420463258584643,0,8
866,4,10,-97,1.514437780044677e-07,-68.4301710651947,260,12.593289296384484,-1000,-109.4301710651947,10.611166279664694,-1000,7.741575668418306,0,0
918,4,10,-97,4.004944638461195e-06,-54.09078855063099,145,15.646628149167896,-1000,-95.09078855063099,18.3972713146085,-1000,11.737299732186344,0,8
428,4,10,-97,9.495545794415571e-06,-50.22913067023947,1,30.010802741126057,-1000,-91.22913067023947,15.753628440998073,-1000,15.753628440998073,0,8
524,4,10,-97,0.0005532943619794624,-32.572686960513394,4,32.85603473719124,-1000,-73.5726869605134,12.72252522943893,-1000,6.528318475610874,0,8
530,4,10,-97,3.4409044613134303e-07,-64.66438239819901,4,21.433483025509275,-1000,-105.66438239819901,8.107970494231399,-1000,6.411862971962479,0,9
392,4,10,-97,1.667799859935212e-07,-68.22505320195062,0,9.654542381719935,-1000,-109.22505320195062,8.406576039598733,-1000,5.975594053275868,0,9
648,4,10,-97,1.0697551234319821e-07,-70.1620494136226,149,9.569317310100033,-1000,-111.1620494136226,8.265060574653097,-1000,-4.029281854219297,0,9
