ID,X,Y,Z,Indoor,InCar,BSdist,GCellID
384,-4.945754,55.963508,1.500000,1,0,60.898478,0
385,93.215172,-52.483469,16.500000,1,0,107.311848,0
386,-67.701466,-57.600226,7.500000,1,0,90.595389,0
387,48.081541,-77.749871,16.500000,1,0,91.810277,0
388,41.666771,43.526704,10.500000,1,0,61.975348,0
389,-56.686745,58.159258,4.500000,1,0,83.762380,0
390,-97.927884,-15.631400,4.500000,1,0,101.264313,0
391,21.819936,-75.598470,10.500000,1,0,80.009301,0
392,47.795847,49.790122,22.500000,1,0,69.063371,0
393,98.404554,4.765111,7.500000,1,0,100.062044,0
394,44.674426,9.859492,1.500000,0,1,51.432130,0
395,67.802356,-58.620362,1.500000,1,0,92.659356,0
396,17.675448,98.042355,1.500000,0,1,102.357095,0
397,-88.988372,53.428646,4.500000,1,0,105.800758,0
398,-78.231721,-29.913084,1.500000,0,1,86.989912,0
399,-2.295945,-86.343890,1.500000,0,1,89.514182,0
400,-7.561806,-27.030804,4.500000,1,0,34.757665,0
401,-55.802153,-74.267007,7.500000,1,0,94.528930,0
402,46.971716,-31.186475,1.500000,0,1,61.083454,0
403,14.889743,37.185057,1.500000,1,0,46.440100,0
404,-9.930943,80.459160,10.500000,1,0,82.356239,0
405,91.689568,41.735069,13.500000,1,0,101.395477,0
406,43.561218,3.607055,1.500000,1,0,49.627014,0
407,32.958206,-27.179066,4.500000,1,0,47.383488,0
408,25.076620,-94.853779,1.500000,0,1,100.887691,0
409,55.931754,-11.623748,1.500000,0,1,61.771536,0
410,10.911413,54.988357,1.500000,1,0,60.786745,0
411,-17.158838,98.742210,4.500000,1,0,102.297115,0
412,91.901625,-49.975180,1.500000,0,1,107.217896,0
413,32.866012,-52.441762,7.500000,1,0,64.316119,0
414,288.426923,22.394553,1.500000,0,1,94.197064,1
415,251.034691,28.754230,22.500000,1,0,58.631011,1
416,226.209718,-9.046988,1.500000,0,1,36.346214,1
417,140.389549,12.534029,10.500000,1,0,62.615954,1
418,107.459275,4.707434,1.500000,1,0,95.593911,1
419,208.931173,-103.542536,13.500000,1,0,104.561334,1
420,158.950405,8.611682,1.500000,0,1,48.077857,1
421,186.024103,-97.206130,7.500000,1,0,99.752730,1
422,247.770946,-21.978368,1.500000,0,1,57.596545,1
423,256.406719,58.170363,13.500000,1,0,81.839838,1
424,111.089013,-8.543270,13.500000,1,0,90.057765,1
425,232.945776,63.030211,13.500000,1,0,72.044998,1
426,180.966252,-77.795208,10.500000,1,0,81.391817,1
427,215.298008,47.472596,4.500000,1,0,53.925193,1
428,234.984728,54.348327,7.500000,1,0,66.962093,1
429,177.233382,2.694128,7.500000,1,0,28.841415,1
430,243.563533,4.622215,1.500000,1,0,49.713140,1
431,148.524893,-8.698313,10.500000,1,0,54.181152,1
432,180.842962,91.203448,19.500000,1,0,93.355831,1
433,198.791014,87.281356,10.500000,1,0,88.485857,1
434,125.990160,-12.552341,1.500000,0,1,78.659187,1
435,177.483784,83.571551,7.500000,1,0,88.303081,1
436,264.578837,7.410132,7.500000,1,0,67.317058,1
437,189.117853,-12.497936,4.500000,1,0,26.360378,1
438,210.490087,-5.838866,4.500000,1,0,23.756774,1
439,111.060107,46.796525,7.500000,1,0,102.012104,1
440,164.423154,-58.370955,1.500000,0,1,72.285063,1
441,135.009684,46.882001,4.500000,1,0,82.715859,1
442,260.877658,3.834693,7.500000,1,0,63.458996,1
443,176.863075,-17.137257,4.500000,1,0,35.344771,1
444,79.886013,230.658026,19.500000,1,0,61.120074,2
445,109.104715,64.519222,1.500000,0,1,111.569537,2
446,55.004985,254.081945,1.500000,0,1,95.487531,2
447,141.761329,253.336559,4.500000,1,0,92.656962,2
448,47.263768,235.614134,16.500000,1,0,82.147734,2
449,142.887945,90.140326,1.500000,0,1,96.391801,2
450,17.816294,150.270783,10.500000,1,0,86.547059,2
451,136.448916,135.289046,19.500000,1,0,52.880991,2
452,3.722774,139.475195,4.500000,1,0,104.054117,2
453,75.124226,107.401378,4.500000,1,0,73.274698,2
454,118.231843,136.502857,1.500000,0,1,47.240907,2
455,45.637813,169.192264,1.500000,0,1,59.359919,2
456,139.290640,106.169164,1.500000,1,0,81.177697,2
457,162.805442,191.297744,13.500000,1,0,66.363530,2
458,171.866236,138.865924,13.500000,1,0,80.474738,2
459,108.610301,200.568957,10.500000,1,0,32.142948,2
460,192.285065,171.974124,16.500000,1,0,92.683863,2
461,15.670058,214.454707,13.500000,1,0,94.579706,2
462,171.927160,99.565961,4.500000,1,0,104.959451,2
463,138.361764,143.305240,10.500000,1,0,50.753083,2
464,121.501893,222.893999,7.500000,1,0,56.899649,2
465,10.086228,131.193997,13.500000,1,0,99.908295,2
466,88.173788,188.543155,1.500000,0,1,30.452682,2
467,101.296918,152.858149,16.500000,1,0,22.089128,2
468,83.823491,93.500141,1.500000,1,0,84.656994,2
469,151.291167,106.328712,1.500000,0,1,87.495613,2
470,192.580299,205.214381,1.500000,0,1,100.737069,2
471,21.635682,122.625422,10.500000,1,0,94.390243,2
472,112.003558,164.802400,4.500000,1,0,25.198025,2
473,41.088876,201.395669,4.500000,1,0,68.450564,2
474,-160.187142,103.515488,1.500000,0,1,95.033580,3
475,-31.136656,244.144025,4.500000,1,0,100.969026,3
476,-67.924121,167.129853,22.500000,1,0,32.741723,3
477,-29.881281,238.646163,4.500000,1,0,98.078643,3
478,-151.316397,177.134371,7.500000,1,0,54.360481,3
479,-53.430456,209.679272,1.500000,1,0,63.650130,3
480,-74.073863,154.020165,22.500000,1,0,32.349275,3
481,-190.076462,160.434649,13.500000,1,0,91.701161,3
482,-98.646312,126.826998,1.500000,1,0,52.009701,3
483,-130.544923,92.517641,19.500000,1,0,86.450594,3
484,-21.225671,205.004373,4.500000,1,0,87.389015,3
485,-80.948557,111.234969,1.500000,0,1,68.960149,3
486,-94.676251,233.124695,1.500000,0,1,64.582912,3
487,-155.401667,143.730733,10.500000,1,0,64.407545,3
488,-183.904071,114.788540,13.500000,1,0,102.881657,3
489,-180.792947,203.532945,1.500000,0,1,89.440090,3
490,-83.430415,76.350773,1.500000,0,1,101.032460,3
491,-75.575434,144.590076,10.500000,1,0,40.319076,3
492,-113.908606,112.156433,16.500000,1,0,63.187314,3
493,-97.481215,210.951415,10.500000,1,0,40.513949,3
494,-91.825434,142.540640,1.500000,1,0,39.489004,3
495,-7.782022,187.907519,10.500000,1,0,94.501679,3
496,-163.217968,153.836553,4.500000,1,0,69.223561,3
497,-189.528141,143.794007,1.500000,0,1,97.121311,3
498,-69.610372,248.557673,10.500000,1,0,82.533585,3
499,-85.916409,232.882467,10.500000,1,0,63.007840,3
500,-60.298788,135.923915,1.500000,1,0,59.315441,3
501,-56.455932,92.361243,1.500000,1,0,94.784292,3
502,-109.589176,169.571315,1.500000,1,0,25.639940,3
503,-156.030307,213.808116,4.500000,1,0,72.168218,3
504,-278.518442,61.471911,7.500000,1,0,101.243229,4
505,-190.580929,-85.185134,13.500000,1,0,86.472401,4
506,-151.463069,33.407683,4.500000,1,0,62.387153,4
507,-137.670190,9.429420,16.500000,1,0,63.609505,4
508,-189.309442,76.570469,13.500000,1,0,78.163769,4
509,-117.243088,36.575715,10.500000,1,0,91.633724,4
510,-189.072046,-83.761122,1.500000,0,1,87.678936,4
511,-257.421237,-11.080292,10.500000,1,0,60.251318,4
512,-179.702681,-51.863658,1.500000,0,1,60.448906,4
513,-143.068109,-66.636978,13.500000,1,0,88.396703,4
514,-229.554357,52.249987,1.500000,1,0,64.465271,4
515,-248.357800,-30.645397,10.500000,1,0,59.058168,4
516,-279.250484,46.617746,4.500000,1,0,94.202460,4
517,-122.174226,-11.598245,7.500000,1,0,80.607818,4
518,-185.302070,-31.960653,4.500000,1,0,40.715630,4
519,-258.523765,73.591579,7.500000,1,0,95.639958,4
520,-214.102484,10.841049,10.500000,1,0,22.949039,4
521,-164.436679,-78.299994,1.500000,0,1,89.150933,4
522,-157.458828,-50.004469,7.500000,1,0,67.944450,4
523,-248.306119,-63.917802,22.500000,1,0,80.157449,4
524,-251.486762,83.177295,1.500000,0,1,100.606158,4
525,-269.894645,70.216118,1.500000,1,0,101.822466,4
526,-114.280668,-32.889369,10.500000,1,0,92.950333,4
527,-155.763909,-62.282774,7.500000,1,0,78.372352,4
528,-150.695738,-84.629658,1.500000,0,1,100.724075,4
529,-142.694633,5.289111,10.500000,1,0,59.347534,4
530,-191.881623,95.481924,16.500000,1,0,96.202681,4
531,-142.574754,-65.489677,10.500000,1,0,88.299528,4
532,-120.894754,3.981434,10.500000,1,0,80.521685,4
533,-216.196320,69.954938,13.500000,1,0,72.720452,4
534,-70.470266,-193.645679,1.500000,0,1,42.919381,5
535,-66.963995,-221.888467,1.500000,1,0,63.353767,5
536,-179.607553,-195.475568,10.500000,1,0,83.926082,5
537,-119.233927,-180.054402,7.500000,1,0,26.890652,5
538,-137.739512,-90.568693,13.500000,1,0,91.571247,5
539,-193.682629,-139.812051,22.500000,1,0,99.487584,5
540,-193.237883,-221.235375,1.500000,0,1,107.482380,5
541,-50.175882,-236.533713,1.500000,0,1,83.935740,5
542,-155.825126,-115.484829,7.500000,1,0,82.184684,5
543,-115.335931,-153.854000,7.500000,1,0,30.263924,5
544,-38.259460,-130.200751,1.500000,1,0,78.825862,5
545,-77.573853,-118.994045,16.500000,1,0,59.279156,5
546,-145.109606,-218.983299,1.500000,1,0,68.430782,5
547,-42.709778,-181.405478,10.500000,1,0,59.662936,5
548,-130.944548,-204.045079,4.500000,1,0,48.258892,5
549,-83.512340,-255.360431,22.500000,1,0,83.830750,5
550,-18.821760,-232.373908,10.500000,1,0,101.494368,5
551,-65.236360,-119.326647,1.500000,1,0,68.290894,5
552,-19.223871,-110.764990,4.500000,1,0,104.133558,5
553,-47.806849,-132.292396,10.500000,1,0,67.883891,5
554,-183.252010,-182.382012,1.500000,0,1,86.990594,5
555,-117.201341,-202.033308,13.500000,1,0,35.485249,5
556,-97.766840,-112.058472,10.500000,1,0,62.881990,5
557,-72.271097,-91.514446,1.500000,0,1,89.411978,5
558,-0.918767,-146.338758,13.500000,1,0,103.301210,5
559,-129.642822,-264.058325,1.500000,0,1,98.413714,5
560,-133.803025,-171.478135,1.500000,0,1,41.205302,5
561,-112.469911,-244.577405,1.500000,0,1,76.169268,5
562,-84.928047,-224.896712,7.500000,1,0,56.616593,5
563,-29.472835,-182.650114,19.500000,1,0,71.369038,5
564,122.435623,-137.229270,1.500000,0,1,48.475417,6
565,189.100910,-213.171710,1.500000,0,1,100.441792,6
566,117.016130,-192.514212,1.500000,0,1,34.851704,6
567,46.822512,-177.434479,19.500000,1,0,53.628193,6
568,79.908475,-145.328439,1.500000,0,1,41.629635,6
569,177.741198,-133.635459,16.500000,1,0,87.645301,6
570,102.189012,-204.687737,7.500000,1,0,36.086000,6
571,186.258037,-187.121688,13.500000,1,0,88.127015,6
572,19.393087,-232.363568,7.500000,1,0,101.505917,6
573,19.890756,-112.117644,7.500000,1,0,102.251728,6
574,179.403861,-180.299364,13.500000,1,0,80.545341,6
575,170.016511,-133.323668,7.500000,1,0,82.456588,6
576,86.140563,-71.211052,1.500000,0,1,105.579903,6
577,119.910015,-144.402255,19.500000,1,0,35.443778,6
578,23.019683,-109.535811,4.500000,1,0,101.980367,6
579,127.064976,-159.723502,7.500000,1,0,34.935882,6
580,183.049438,-178.656794,4.500000,1,0,85.715695,6
581,71.106210,-120.203158,16.500000,1,0,60.961503,6
582,21.259503,-194.974201,7.500000,1,0,83.547654,6
583,109.190914,-158.152440,7.500000,1,0,24.845621,6
584,110.497243,-144.873198,22.500000,1,0,30.317284,6
585,26.857433,-116.530838,10.500000,1,0,93.659249,6
586,186.667965,-140.092997,7.500000,1,0,94.413962,6
587,171.185912,-117.348372,4.500000,1,0,92.777453,6
588,180.978903,-170.176737,1.500000,0,1,84.374188,6
589,113.855494,-124.544710,19.500000,1,0,50.892597,6
590,89.113848,-76.111491,10.500000,1,0,98.772078,6
591,6.098323,-143.954864,10.500000,1,0,99.415040,6
592,17.735178,-189.687231,7.500000,1,0,85.705381,6
593,142.798070,-104.520441,19.500000,1,0,81.114145,6
594,449.932969,66.511599,7.500000,1,0,84.990260,7
595,396.871511,36.296657,1.500000,1,0,43.353025,7
596,333.340527,-11.758428,4.500000,1,0,70.724790,7
597,330.099451,-14.865319,13.500000,1,0,72.383109,7
598,425.147416,86.387385,4.500000,1,0,92.279049,7
599,402.392163,114.071765,13.500000,1,0,114.674932,7
600,492.010997,-37.471969,10.500000,1,0,100.401305,7
601,438.064550,-33.069335,1.500000,0,1,55.630395,7
602,466.315751,-49.191276,7.500000,1,0,84.402669,7
603,338.378244,-14.231499,22.500000,1,0,63.293178,7
604,455.477793,6.471472,16.500000,1,0,56.497040,7
605,495.359280,0.723144,4.500000,1,0,97.540582,7
606,437.481546,-25.942149,1.500000,0,1,51.284611,7
607,315.011975,63.472547,4.500000,1,0,108.036932,7
608,353.031199,48.751323,10.500000,1,0,69.231566,7
609,379.564181,-67.803850,4.500000,1,0,73.724044,7
610,491.787023,-20.510022,1.500000,1,0,96.942089,7
611,406.539837,-39.674965,4.500000,1,0,45.134491,7
612,404.313794,-77.349837,10.500000,1,0,78.815329,7
613,423.790115,79.039700,1.500000,0,1,85.822456,7
614,358.030012,-67.607268,10.500000,1,0,80.885551,7
615,347.450097,-75.509620,7.500000,1,0,93.645314,7
616,334.625108,-38.342064,22.500000,1,0,75.830339,7
617,337.951230,65.876414,7.500000,1,0,92.173759,7
618,425.082444,-67.683199,16.500000,1,0,72.680083,7
619,446.801054,-86.319566,1.500000,0,1,100.963637,7
620,304.604052,52.854928,4.500000,1,0,110.969727,7
621,428.009500,-10.583265,7.500000,1,0,34.681228,7
622,372.328395,-92.979462,7.500000,1,0,98.575595,7
623,411.153409,-46.049551,13.500000,1,0,48.756637,7
624,246.321402,251.351790,1.500000,0,1,97.675740,8
625,284.511569,99.373017,1.500000,1,0,79.014650,8
626,331.326318,260.986935,1.500000,0,1,96.120978,8
627,231.817592,175.240222,1.500000,0,1,72.147297,8
628,347.871372,198.110679,7.500000,1,0,56.729245,8
629,231.562929,154.161079,1.500000,0,1,74.823503,8
630,215.077577,176.468109,13.500000,1,0,85.759636,8
631,319.136202,147.118678,7.500000,1,0,36.782395,8
632,224.927782,103.515538,10.500000,1,0,103.453951,8
633,277.483442,162.135143,1.500000,0,1,34.377156,8
634,206.267110,147.892359,7.500000,1,0,98.655148,8
635,287.812082,84.913303,1.500000,1,0,92.175014,8
636,364.081402,122.012218,22.500000,1,0,82.057207,8
637,379.584797,186.553189,1.500000,1,0,84.048570,8
638,264.215702,211.532012,7.500000,1,0,55.278564,8
639,222.168215,116.316650,1.500000,1,0,99.228676,8
640,380.930747,147.956379,13.500000,1,0,85.554268,8
641,238.084230,171.250458,1.500000,0,1,66.254305,8
642,304.928066,108.129036,1.500000,0,1,69.364452,8
643,223.221546,135.258357,1.500000,0,1,88.809542,8
644,308.651524,92.387814,1.500000,1,0,84.608093,8
645,348.918329,163.870527,4.500000,1,0,53.855240,8
646,347.090571,233.751762,1.500000,1,0,80.222644,8
647,221.488413,161.870887,1.500000,0,1,82.733204,8
648,300.666894,271.382228,19.500000,1,0,98.333347,8
649,289.358491,187.209868,1.500000,1,0,29.353463,8
650,356.304298,219.188747,1.500000,1,0,76.399750,8
651,267.437833,118.605865,1.500000,1,0,67.776241,8
652,255.750308,205.865573,4.500000,1,0,58.694063,8
653,274.418382,198.898487,4.500000,1,0,41.651174,8
654,208.801776,300.938730,16.500000,1,0,47.088982,9
655,196.627830,425.745538,1.500000,1,0,82.811374,9
656,285.831128,411.099909,10.500000,1,0,108.452738,9
657,185.252717,373.049929,7.500000,1,0,35.119932,9
658,231.794756,389.158247,1.500000,0,1,58.228477,9
659,176.283077,286.402661,7.500000,1,0,66.855384,9
660,165.179596,305.738883,1.500000,0,1,58.471046,9
661,174.158739,270.264187,10.500000,1,0,81.708200,9
662,168.886828,429.387571,1.500000,0,1,91.681678,9
663,162.678926,362.790020,7.500000,1,0,44.355522,9
664,113.903494,283.246315,4.500000,1,0,108.731456,9
665,131.941296,285.916793,1.500000,0,1,94.040867,9
666,215.889430,373.850172,1.500000,0,1,39.467433,9
667,255.687402,357.168801,19.500000,1,0,56.983201,9
668,268.435122,318.580014,22.500000,1,0,73.919775,9
669,278.292917,277.072744,1.500000,0,1,107.190056,9
670,201.337407,399.056002,16.500000,1,0,53.344384,9
671,124.033672,357.177334,10.500000,1,0,78.083705,9
672,211.292574,309.360327,7.500000,1,0,42.502498,9
673,187.784874,308.098703,1.500000,1,0,46.574961,9
674,246.626231,271.551337,10.500000,1,0,89.376165,9
675,201.823218,428.241496,10.500000,1,0,83.126059,9
676,244.370587,363.714825,22.500000,1,0,47.691199,9
677,201.642414,437.052854,1.500000,1,0,93.653860,9
678,268.015027,355.959839,7.500000,1,0,70.876586,9
679,259.465549,313.941882,13.500000,1,0,68.721108,9
680,145.551202,322.376483,1.500000,0,1,63.988586,9
681,143.074549,264.517109,1.500000,0,1,102.465743,9
682,219.903606,422.129111,13.500000,1,0,79.131303,9
683,240.577311,375.263256,7.500000,1,0,52.775651,9
684,52.290064,346.672292,1.500000,0,1,57.328610,10
685,19.322260,307.929409,10.500000,1,0,45.435316,10
686,-42.894784,388.494648,1.500000,1,0,64.523768,10
687,5.036372,381.915282,4.500000,1,0,41.306522,10
688,-48.947697,389.841152,7.500000,1,0,67.737567,10
689,19.997367,363.088598,10.500000,1,0,29.804614,10
690,34.561780,352.411093,1.500000,0,1,42.222954,10
691,-16.624932,448.687718,16.500000,1,0,103.967963,10
692,38.906234,299.397695,7.500000,1,0,63.483202,10
693,-4.054507,294.666100,1.500000,1,0,56.974879,10
694,-40.698352,406.560462,4.500000,1,0,75.463002,10
695,29.980872,438.290347,4.500000,1,0,98.798135,10
696,-86.681048,304.684013,7.500000,1,0,97.779984,10
697,-6.119658,297.645096,16.500000,1,0,49.877166,10
698,-22.353112,379.599353,7.500000,1,0,43.674181,10
699,28.024771,266.129700,13.500000,1,0,85.805537,10
700,31.663191,314.187518,10.500000,1,0,47.445826,10
701,13.666807,417.653766,1.500000,1,0,76.254069,10
702,-15.574555,399.144447,13.500000,1,0,56.175811,10
703,-36.785621,417.392381,4.500000,1,0,82.534281,10
704,72.212976,343.342461,16.500000,1,0,72.776197,10
705,-3.368537,306.055373,1.500000,0,1,46.819931,10
706,-87.169820,398.957538,7.500000,1,0,103.276591,10
707,-74.846967,333.883540,16.500000,1,0,76.362520,10
708,87.250015,346.215797,1.500000,0,1,90.359576,10
709,-14.793744,403.881655,1.500000,1,0,63.828501,10
710,-20.612487,338.036755,1.500000,0,1,32.361065,10
711,54.774368,425.580911,7.500000,1,0,97.849318,10
712,38.300337,415.694414,16.500000,1,0,79.620811,10
713,37.891419,407.439460,1.500000,1,0,75.581645,10
714,-208.333051,317.600481,10.500000,1,0,33.311971,11
715,-189.006964,304.143004,10.500000,1,0,46.017490,11
716,-193.149539,375.892268,10.500000,1,0,33.561488,11
717,-291.366231,288.687000,16.500000,1,0,108.406648,11
718,-203.743061,285.601188,1.500000,1,0,65.299247,11
719,-109.149540,354.133162,10.500000,1,0,92.323891,11
720,-150.785498,416.811960,7.500000,1,0,87.662595,11
721,-166.735979,254.955680,10.500000,1,0,98.390381,11
722,-148.984861,355.887703,4.500000,1,0,55.790843,11
723,-158.718590,433.144262,7.500000,1,0,97.638154,11
724,-187.055778,413.815001,19.500000,1,0,68.856484,11
725,-249.341918,366.147883,4.500000,1,0,56.960095,11
726,-251.306762,271.406251,7.500000,1,0,92.543072,11
727,-133.576982,337.185063,4.500000,1,0,70.123961,11
728,-149.344091,410.258727,4.500000,1,0,84.041124,11
729,-282.184466,359.611762,19.500000,1,0,83.419534,11
730,-170.202136,335.218921,16.500000,1,0,32.945510,11
731,-132.617808,350.165231,1.500000,1,0,71.461251,11
732,-141.006810,346.033964,1.500000,0,1,63.502662,11
733,-186.441275,445.277139,4.500000,1,0,101.876240,11
734,-138.723364,281.854587,1.500000,1,0,92.057038,11
735,-165.710815,421.899652,1.500000,1,0,86.178080,11
736,-221.893238,266.014065,4.500000,1,0,85.808485,11
737,-154.185625,270.732716,10.500000,1,0,89.645316,11
738,-235.506744,360.971067,10.500000,1,0,41.024369,11
739,-192.294027,418.038777,1.500000,0,1,75.777904,11
740,-227.071489,401.177508,4.500000,1,0,64.440498,11
741,-251.174005,317.385067,1.500000,1,0,63.352070,11
742,-232.255949,349.597437,7.500000,1,0,36.835512,11
743,-177.536171,411.238788,4.500000,1,0,71.607434,11
744,-265.233127,136.733864,1.500000,1,0,55.597977,12
745,-280.906131,105.600636,7.500000,1,0,72.396041,12
746,-341.067134,200.815005,4.500000,1,0,53.563677,12
747,-307.233793,264.629731,7.500000,1,0,93.365114,12
748,-365.098331,179.234806,13.500000,1,0,66.380723,12
749,-391.355477,187.289855,1.500000,1,0,95.375333,12
750,-306.754903,279.912583,7.500000,1,0,108.343757,12
751,-277.814922,244.003119,19.500000,1,0,74.396169,12
752,-361.893666,195.354894,1.500000,0,1,69.811819,12
753,-336.423097,206.253523,10.500000,1,0,51.274668,12
754,-336.370989,128.933237,13.500000,1,0,58.438814,12
755,-310.643885,111.582541,4.500000,1,0,65.809419,12
756,-256.164496,131.270065,7.500000,1,0,63.137524,12
757,-311.617456,276.565759,4.500000,1,0,106.012476,12
758,-217.531113,112.781981,1.500000,1,0,104.901469,12
759,-337.512027,182.429224,10.500000,1,0,41.261204,12
760,-318.826717,234.466093,1.500000,0,1,68.261313,12
761,-355.671652,96.780744,16.500000,1,0,94.932935,12
762,-335.788967,110.110066,10.500000,1,0,73.973516,12
763,-203.052897,231.126913,13.500000,1,0,113.516208,12
764,-235.206800,146.617921,7.500000,1,0,72.189236,12
765,-395.706778,214.732595,4.500000,1,0,106.322960,12
766,-295.493490,235.483608,16.500000,1,0,63.017249,12
767,-230.891951,131.742711,10.500000,1,0,81.885900,12
768,-374.725834,167.350595,1.500000,1,0,78.552373,12
769,-281.488552,162.535543,10.500000,1,0,25.821749,12
770,-273.742434,124.866363,7.500000,1,0,57.726436,12
771,-358.728845,192.530382,4.500000,1,0,65.136737,12
772,-285.922390,78.983294,7.500000,1,0,96.861624,12
773,-388.400378,122.764613,19.500000,1,0,101.927021,12
774,-456.709835,-8.133586,7.500000,1,0,59.903344,13
775,-397.621054,-84.574214,4.500000,1,0,87.055770,13
776,-301.067399,0.138136,1.500000,0,1,101.685439,13
777,-429.982304,-19.637349,7.500000,1,0,39.885010,13
778,-422.354697,-23.463685,1.500000,0,1,40.031576,13
779,-328.966000,59.639847,1.500000,1,0,95.681714,13
780,-447.436966,-81.216976,13.500000,1,0,94.756072,13
781,-314.887265,6.982339,4.500000,1,0,87.824715,13
782,-303.616930,-5.103294,1.500000,0,1,99.337756,13
783,-461.874115,8.540376,7.500000,1,0,64.865971,13
784,-426.467889,-71.197927,4.500000,1,0,78.676197,13
785,-346.714467,-13.757437,7.500000,1,0,57.748290,13
786,-459.852101,51.409943,19.500000,1,0,79.091758,13
787,-437.633102,-83.022241,4.500000,1,0,93.430150,13
788,-369.169420,86.631020,13.500000,1,0,92.669888,13
789,-408.933952,-105.803809,10.500000,1,0,107.165814,13
790,-358.158232,-42.616543,13.500000,1,0,60.820665,13
791,-433.676706,43.363828,22.500000,1,0,54.961733,13
792,-342.968805,3.507565,1.500000,1,0,61.782766,13
793,-427.687780,33.079559,10.500000,1,0,45.509563,13
794,-425.031206,50.438314,4.500000,1,0,59.923575,13
795,-332.118232,15.484336,1.500000,1,0,73.484345,13
796,-390.952964,-75.624640,13.500000,1,0,77.027172,13
797,-475.012448,69.773383,16.500000,1,0,102.798066,13
798,-403.645192,56.355848,1.500000,0,1,61.167957,13
799,-480.614448,57.866482,1.500000,0,1,101.977787,13
800,-419.737341,-90.299820,13.500000,1,0,93.144352,13
801,-390.969668,-57.210114,13.500000,1,0,59.049082,13
802,-478.253988,28.991804,7.500000,1,0,85.267001,13
803,-372.066282,-52.259261,1.500000,0,1,63.746161,13
804,-353.315350,-218.333160,19.500000,1,0,70.066541,14
805,-303.692569,-217.802800,4.500000,1,0,49.222370,14
806,-319.453364,-201.596420,13.500000,1,0,36.287072,14
807,-346.807655,-183.599867,22.500000,1,0,48.013105,14
808,-279.718474,-147.897729,10.500000,1,0,35.525375,14
809,-233.802436,-170.921577,16.500000,1,0,66.780100,14
810,-362.784926,-186.643121,1.500000,1,0,68.372348,14
811,-314.947968,-269.296109,4.500000,1,0,99.383991,14
812,-245.417470,-109.746175,1.500000,0,1,86.939836,14
813,-241.984634,-234.283654,13.500000,1,0,85.021320,14
814,-329.558077,-266.510015,1.500000,1,0,100.656550,14
815,-307.186663,-249.916684,10.500000,1,0,78.400054,14
816,-362.986054,-159.580618,4.500000,1,0,67.624841,14
817,-227.883885,-124.705548,7.500000,1,0,88.652064,14
818,-369.736549,-102.974283,1.500000,0,1,101.724142,14
819,-391.230779,-148.291079,1.500000,0,1,97.447486,14
820,-335.974725,-205.596697,4.500000,1,0,52.570408,14
821,-316.457986,-212.031646,16.500000,1,0,43.018805,14
822,-241.734012,-163.989554,13.500000,1,0,60.100758,14
823,-321.396826,-108.343730,1.500000,0,1,72.229280,14
824,-200.474437,-198.972100,1.500000,1,0,105.458651,14
825,-217.644757,-191.560983,19.500000,1,0,84.555160,14
826,-391.358361,-158.529957,13.500000,1,0,93.241405,14
827,-297.962209,-94.299489,1.500000,1,0,82.355903,14
828,-268.564074,-146.881617,10.500000,1,0,43.490138,14
829,-292.275705,-123.333443,7.500000,1,0,53.414369,14
830,-222.809307,-139.441900,22.500000,1,0,84.288821,14
831,-323.949443,-166.645950,10.500000,1,0,28.754966,14
832,-266.722646,-233.532931,4.500000,1,0,71.882417,14
833,-229.030814,-139.932763,13.500000,1,0,79.220719,14
834,-153.755853,-322.449480,4.500000,1,0,55.972183,15
835,-131.272448,-367.420182,1.500000,0,1,75.611820,15
836,-229.359811,-358.831339,13.500000,1,0,33.890031,15
837,-125.645350,-401.653521,19.500000,1,0,92.793818,15
838,-184.693264,-270.320736,16.500000,1,0,78.077824,15
839,-140.591928,-322.638167,16.500000,1,0,64.549800,15
840,-258.046241,-291.172779,1.500000,1,0,83.503200,15
841,-251.473438,-432.137928,4.500000,1,0,102.073576,15
842,-213.466449,-329.665989,10.500000,1,0,25.922240,15
843,-155.417788,-322.052556,7.500000,1,0,53.731894,15
844,-101.940178,-403.130976,4.500000,1,0,115.122672,15
845,-177.969861,-439.899150,22.500000,1,0,96.082091,15
846,-202.866789,-454.370397,10.500000,1,0,108.967340,15
847,-230.581878,-275.696605,10.500000,1,0,78.395843,15
848,-148.363736,-421.599890,1.500000,1,0,94.191556,15
849,-168.239204,-409.626975,22.500000,1,0,70.790986,15
850,-262.329957,-338.981978,7.500000,1,0,65.164803,15
851,-166.533207,-276.980243,4.500000,1,0,79.754559,15
852,-219.231601,-432.945443,4.500000,1,0,90.986041,15
853,-131.378942,-304.135579,4.500000,1,0,83.163933,15
854,-174.183186,-378.141871,16.500000,1,0,41.781088,15
855,-231.113988,-442.103315,22.500000,1,0,100.655404,15
856,-181.220813,-382.051505,1.500000,0,1,46.639182,15
857,-267.565120,-270.044569,1.500000,0,1,104.637465,15
858,-138.092876,-283.480631,4.500000,1,0,90.624872,15
859,-166.438524,-366.628903,16.500000,1,0,40.092645,15
860,-236.422057,-301.447605,1.500000,0,1,62.453564,15
861,-234.386709,-389.817825,16.500000,1,0,56.026076,15
862,-273.517405,-280.225371,1.500000,1,0,101.673425,15
863,-197.238417,-364.683053,1.500000,0,1,29.896069,15
864,-20.270339,-254.033865,1.500000,0,1,97.450073,16
865,31.510014,-415.058836,10.500000,1,0,76.914053,16
866,-78.259416,-276.589933,10.500000,1,0,105.875637,16
867,-45.683182,-400.460772,10.500000,1,0,72.240375,16
868,83.319096,-394.300523,7.500000,1,0,97.682181,16
869,-76.021343,-397.721868,4.500000,1,0,93.980775,16
870,63.086209,-367.986994,1.500000,1,0,70.694268,16
871,-20.859348,-360.955653,7.500000,1,0,30.869625,16
872,57.785309,-321.614226,7.500000,1,0,65.270439,16
873,-72.234586,-289.381234,16.500000,1,0,92.425018,16
874,24.419092,-316.455582,7.500000,1,0,42.424271,16
875,-33.765240,-382.343235,13.500000,1,0,50.631288,16
876,-56.052020,-314.498572,1.500000,1,0,68.647130,16
877,-69.018524,-391.042233,7.500000,1,0,84.034687,16
878,68.550142,-291.100043,10.500000,1,0,89.266908,16
879,-29.075998,-322.177183,1.500000,0,1,44.552227,16
880,-69.438862,-345.855185,10.500000,1,0,70.938802,16
881,84.814698,-318.558802,7.500000,1,0,90.969671,16
882,42.310656,-378.699154,4.500000,1,0,57.035258,16
883,-89.519114,-378.288374,7.500000,1,0,96.623716,16
884,-62.011768,-337.128459,16.500000,1,0,63.276057,16
885,-9.440704,-312.786844,19.500000,1,0,35.353985,16
886,-42.857243,-360.393622,4.500000,1,0,49.523030,16
887,-5.150348,-247.649095,1.500000,1,0,101.649024,16
888,-21.019188,-367.549999,10.500000,1,0,33.150401,16
889,-11.627326,-428.469061,1.500000,1,0,86.145852,16
890,-26.006222,-425.378480,4.500000,1,0,85.630422,16
891,-69.513581,-284.567636,1.500000,0,1,95.962940,16
892,-63.829570,-362.173028,10.500000,1,0,67.327053,16
893,-26.459678,-282.398431,10.500000,1,0,70.766278,16
894,199.379122,-391.569326,7.500000,1,0,48.435377,17
895,195.666411,-300.942052,4.500000,1,0,50.063749,17
896,156.372088,-367.328722,4.500000,1,0,52.547416,17
897,159.043745,-402.733367,1.500000,0,1,73.498085,17
898,263.665609,-412.339497,10.500000,1,0,92.791363,17
899,206.246997,-327.942856,4.500000,1,0,28.289862,17
900,298.929331,-353.789103,4.500000,1,0,101.300104,17
901,261.655483,-392.279171,1.500000,0,1,80.359284,17
902,206.834434,-321.596024,1.500000,1,0,34.852559,17
903,186.118221,-350.881076,4.500000,1,0,25.158356,17
904,147.926126,-324.420282,7.500000,1,0,59.173416,17
905,285.915964,-340.497096,13.500000,1,0,86.883641,17
906,220.557762,-283.708882,1.500000,0,1,70.045141,17
907,214.840882,-388.578568,10.500000,1,0,46.996556,17
908,105.887886,-307.053320,19.500000,1,0,102.158216,17
909,229.164648,-384.047084,1.500000,1,0,53.097689,17
910,106.568570,-402.311610,1.500000,0,1,111.385161,17
911,203.821854,-401.626301,10.500000,1,0,57.216070,17
912,125.319634,-398.023828,1.500000,1,0,93.773011,17
913,195.837210,-314.483695,7.500000,1,0,36.645300,17
914,144.736822,-388.456476,1.500000,0,1,73.308673,17
915,172.257715,-276.410197,7.500000,1,0,77.303812,17
916,176.947584,-260.904226,13.500000,1,0,89.302457,17
917,165.249798,-322.334733,7.500000,1,0,45.754265,17
918,135.226038,-269.571167,1.500000,1,0,103.209240,17
919,299.699236,-362.864154,1.500000,1,0,103.744501,17
920,294.583469,-351.678923,10.500000,1,0,95.833409,17
921,236.639464,-303.894028,13.500000,1,0,57.291551,17
922,126.632927,-389.911773,13.500000,1,0,86.066066,17
923,238.080904,-347.031282,1.500000,1,0,44.752553,17
924,363.908198,-114.598282,1.500000,1,0,89.840217,18
925,385.603671,-197.232874,16.500000,1,0,89.317262,18
926,353.475502,-249.179638,10.500000,1,0,94.031977,18
927,289.389591,-96.461916,4.500000,1,0,80.139529,18
928,366.520955,-184.156042,1.500000,1,0,71.394755,18
929,294.543595,-199.204082,1.500000,0,1,35.467879,18
930,334.454354,-194.156380,16.500000,1,0,41.210550,18
931,232.354458,-130.941766,1.500000,1,0,83.152613,18
932,235.318395,-205.141832,7.500000,1,0,74.228809,18
933,388.025982,-173.074405,10.500000,1,0,89.212334,18
934,348.720533,-166.273498,19.500000,1,0,49.517544,18
935,210.237346,-184.946713,13.500000,1,0,91.254863,18
936,292.505617,-224.730933,4.500000,1,0,55.958281,18
937,321.999285,-163.748701,1.500000,0,1,33.550583,18
938,230.111547,-224.798309,4.500000,1,0,89.255291,18
939,312.203670,-272.520803,13.500000,1,0,100.721359,18
940,308.353008,-119.466547,1.500000,0,1,59.244010,18
941,326.813085,-185.244655,1.500000,1,0,37.631674,18
942,277.335159,-172.655853,4.500000,1,0,30.565449,18
943,292.292590,-235.876928,1.500000,0,1,67.375178,18
944,217.039932,-112.456853,1.500000,1,0,105.474973,18
945,375.892757,-172.889539,1.500000,1,0,79.448475,18
946,301.721411,-239.619385,4.500000,1,0,69.527498,18
947,231.359683,-151.453043,4.500000,1,0,74.865842,18
948,335.548730,-178.013584,4.500000,1,0,41.316872,18
949,279.896964,-202.486231,7.500000,1,0,39.595048,18
950,379.075220,-167.910213,13.500000,1,0,80.082308,18
951,241.212892,-215.002589,13.500000,1,0,73.042493,18
952,384.283759,-238.473871,13.500000,1,0,107.219480,18
953,375.328724,-107.891405,7.500000,1,0,101.225209,18